file,stratifier,group,n_years,ols_apc,ols_lo,ols_hi,ols_p,dw_p,wls_apc,wls_lo,wls_hi,jp_aapc,jp_lo,jp_hi,jp_p,jp_n_joinpoints,jp_start,jp_end,diff_pp,ci_overlap,jp_inside_ols_ci,same_inference,agreement
AGE,Age group,35-54 yrs,26,-0.44923734734749754,-1.6656108442302808,0.7821824064614846,0.45707711816687335,0.7264377420211469,-0.2862742351289249,-1.8698971340337711,1.3229051588033558,-0.8175,-2.4344,0.8261,0.312917,0,1999,2024,0.36826265265250246,TRUE,TRUE,TRUE,Agree
AGE,Age group,55-74 yrs,26,0.3660344173890717,-0.3580724474752106,1.095403432079456,0.3080547607570584,3.126753463716755e-5,0.6227119539976345,-0.11179429260778084,1.3626192329119435,0.6962,-0.2185,1.6194,0.136192,1,1999,2024,-0.3301655826109283,TRUE,TRUE,TRUE,Agree
AGE,Age group,75+ yrs,26,1.94982606775016,1.237389929598276,2.667275820449966,7.459180652679604e-6,1.5052419512071014e-4,2.2824652210803764,1.5706528748241855,2.9992659847774217,1.9154,-0.4545,4.3418,0.113995,2,1999,2024,0.034426067750159994,TRUE,TRUE,FALSE,"Partial (CIs overlap, estimates differ)"
CENSUS_REGION,Census region,Census Region 1: Northeast,26,0.7534389815509801,-0.049356572299763535,1.5626825249211551,0.06466303179892131,0.12045191343214441,0.8512988776887109,0.11051645818478395,1.5975628251325924,0.9486,0.0858,1.8188,0.032465,0,1999,2024,-0.1951610184490199,TRUE,TRUE,FALSE,"Partial (CIs overlap, estimates differ)"
CENSUS_REGION,Census region,Census Region 2: Midwest,26,1.268967079327843,0.2955901118596227,2.2517907504820522,0.012661876488713465,1.4430219449685811e-4,1.7003300068896499,0.6916734712926642,2.719090535912594,0.9954,-2.5041,4.6205,0.581988,2,1999,2024,0.27356707932784297,TRUE,TRUE,FALSE,"Partial (CIs overlap, estimates differ)"
CENSUS_REGION,Census region,Census Region 3: South,26,1.0192983464717642,0.233056930353448,1.8117071447228073,0.013129001265013589,6.078276598275758e-7,1.4134806725478732,0.6136504659359776,2.219669145224512,1.3254,0.4851,2.1727,0.001943,1,1999,2024,-0.3061016535282357,TRUE,TRUE,TRUE,Agree
CENSUS_REGION,Census region,Census Region 4: West,26,1.6698172917495535,0.9819117241526509,2.362408986414688,3.8100960983081554e-5,0.0013047012820737592,1.9767310687713868,1.2296195829758938,2.7293565096178307,1.1927,-1.1827,3.6252,0.327937,2,1999,2024,0.4771172917495534,TRUE,TRUE,FALSE,"Partial (CIs overlap, estimates differ)"
RACE,Race/ethnicity,Black or African American,26,1.0035710872173587,0.07908009512374026,1.9366021617502893,0.0345197918380051,0.0019351044785800922,1.411313777702694,0.5480728320743422,2.281965953692988,1.3963,0.1715,2.636,0.025331,1,1999,2024,-0.39272891278264144,TRUE,TRUE,TRUE,Agree
RACE,Race/ethnicity,Hispanic or Latino,24,0.5072921326590096,-1.0993415889319014,2.1400254976377653,0.5216497742887141,0.0011417226208935032,1.1747219230382244,-0.3753158778385557,2.7488764095066953,0.3593,-2.275,3.0646,0.791584,1,1999,2024,0.14799213265900962,TRUE,TRUE,TRUE,Agree
RACE,Race/ethnicity,White,26,1.3847689148357434,0.6515095003010174,2.1233702201346905,6.606763942816932e-4,1.534547409595057e-6,1.6666005931693206,0.9140156690124801,2.4247980585010875,1.202,-0.9264,3.3761,0.270568,2,1999,2024,0.18276891483574342,TRUE,TRUE,FALSE,"Partial (CIs overlap, estimates differ)"
SEX,Sex,Female,26,0.8613496043600843,0.155371198754084,1.5723043332846798,0.01879395695449958,1.612389131091689e-4,1.1266068882241465,0.4198092870513648,1.8383792334496274,0.8256,-1.4457,3.1493,0.479395,2,1999,2024,0.03574960436008434,TRUE,TRUE,FALSE,"Partial (CIs overlap, estimates differ)"
SEX,Sex,Male,26,1.2255694234411862,0.39363631473361416,2.0643965218753113,0.005556262384867946,3.6272170456015997e-6,1.6192292285796217,0.7714746577652809,2.4741156570429412,0.931,-1.1597,3.0659,0.38556,2,1999,2024,0.2945694234411862,TRUE,TRUE,FALSE,"Partial (CIs overlap, estimates differ)"
URBANIZATION,Urbanization,Metro,22,0.08942408839811566,-0.48600910123514085,0.6681846830800753,0.749766715819504,0.048234173319935375,0.2264971394754678,-0.3753267544771788,0.831956598670458,0.9386,-0.5168,2.4152,0.207408,1,1999,2020,-0.8491759116018843,TRUE,FALSE,TRUE,"Partial (CIs overlap, estimates differ)"
URBANIZATION,Urbanization,Non Metro,22,0.8944193954462776,-0.019550065284268392,1.81674389134312,0.05465432775076864,0.1856106267936499,1.1445142668196295,0.19393802839484664,2.1041089668683455,1.6823,0.036,3.3557,0.045153,1,1999,2020,-0.7878806045537223,TRUE,TRUE,FALSE,"Partial (CIs overlap, estimates differ)"
