file,column,na_before,flag_strings,na_after,unexpected_na
OVERALL,year_raw,0,0,0,0
OVERALL,deaths_raw,0,0,0,0
OVERALL,rate_raw,0,0,0,0
OVERALL,ci_lower_raw,0,0,0,0
OVERALL,ci_upper_raw,0,0,0,0
OVERALL,se_raw,0,0,0,0
RACE,year_raw,0,0,0,0
RACE,deaths_raw,0,1,1,0
RACE,rate_raw,0,3,3,0
RACE,ci_lower_raw,0,1,1,0
RACE,ci_upper_raw,0,1,1,0
RACE,se_raw,0,1,1,0
SEX,year_raw,0,0,0,0
SEX,deaths_raw,0,0,0,0
SEX,rate_raw,0,0,0,0
SEX,ci_lower_raw,0,0,0,0
SEX,ci_upper_raw,0,0,0,0
SEX,se_raw,0,0,0,0
AGE,year_raw,0,0,0,0
AGE,deaths_raw,0,0,0,0
AGE,rate_raw,0,0,0,0
AGE,ci_lower_raw,0,0,0,0
AGE,ci_upper_raw,0,0,0,0
AGE,se_raw,0,0,0,0
CENSUS_REGION,year_raw,0,0,0,0
CENSUS_REGION,deaths_raw,0,0,0,0
CENSUS_REGION,rate_raw,0,0,0,0
CENSUS_REGION,ci_lower_raw,0,0,0,0
CENSUS_REGION,ci_upper_raw,0,0,0,0
CENSUS_REGION,se_raw,0,0,0,0
URBANIZATION,year_raw,0,0,0,0
URBANIZATION,deaths_raw,0,0,0,0
URBANIZATION,rate_raw,0,0,0,0
URBANIZATION,ci_lower_raw,0,0,0,0
URBANIZATION,ci_upper_raw,0,0,0,0
URBANIZATION,se_raw,0,0,0,0
STATES,d1_raw,0,0,0,0
STATES,d2_raw,0,3,3,0
STATES,total_file_raw,0,0,0,0
POD,d1_raw,0,1,1,0
POD,d2_raw,0,1,1,0
POD,total_file_raw,0,0,0,0
