cohort,segment,start_year,end_year,apc,ci_lower,ci_upper,p_value,t_stat,significant,p_less_than_flag,file,group,n_joinpoints
White - 2 Joinpoints,1.0,1999,2018,-0.2388,-0.8323,0.3583,0.410978,-0.8417,FALSE,FALSE,RACE,White,2
White - 2 Joinpoints,2.0,2018,2021,18.4079,-0.3794,40.7383,0.054719,2.0547,FALSE,FALSE,RACE,White,2
White - 2 Joinpoints,3.0,2021,2024,-5.2811,-11.6033,1.4932,0.116255,-1.6501,FALSE,FALSE,RACE,White,2
Black or African American - 1 Joinpoint,1.0,1999,2015,-1.2012,-2.6113,0.2293,0.095022,-1.7483,FALSE,FALSE,RACE,Black or African American,1
Black or African American - 1 Joinpoint,2.0,2015,2024,6.1838,3.5522,8.8822,6.4e-5,4.9721,TRUE,FALSE,RACE,Black or African American,1
Hispanic or Latino - 1 Joinpoint,1.0,1999,2012,-4.3315,-8.4319,-0.0475,0.0478,-2.1157,TRUE,FALSE,RACE,Hispanic or Latino,1
Hispanic or Latino - 1 Joinpoint,2.0,2012,2024,5.7009,2.0293,9.5045,0.003917,3.2825,TRUE,FALSE,RACE,Hispanic or Latino,1
Asian - 0 Joinpoints,1.0,2019,2024,-5.779,-18.6517,9.1307,0.323506,-1.1251,FALSE,FALSE,RACE,Asian,0
Female - 2 Joinpoints,1.0,1999,2018,-0.3328,-0.9194,0.2573,0.250847,-1.1865,FALSE,FALSE,SEX,Female,2
Female - 2 Joinpoints,2.0,2018,2021,14.2259,-5.6072,38.2262,0.160106,1.4652,FALSE,FALSE,SEX,Female,2
Female - 2 Joinpoints,3.0,2021,2024,-4.2448,-9.8626,1.7231,0.149092,-1.5073,FALSE,FALSE,SEX,Female,2
Male - 2 Joinpoints,1.0,1999,2018,-0.3823,-1.1072,0.3478,0.284999,-1.102,FALSE,FALSE,SEX,Male,2
Male - 2 Joinpoints,2.0,2018,2022,15.0111,4.1316,27.0273,0.00844,2.9569,TRUE,FALSE,SEX,Male,2
Male - 2 Joinpoints,3.0,2022,2024,-11.97,-26.8623,5.9546,0.165573,-1.4452,FALSE,FALSE,SEX,Male,2
35-54 yrs - 0 Joinpoints,1.0,1999,2024,-0.8175,-2.4344,0.8261,0.312917,-1.0308,FALSE,FALSE,AGE,35-54 yrs,0
55-74 yrs - 1 Joinpoint,1.0,1999,2014,-1.6963,-2.8009,-0.5792,0.004846,-3.1488,TRUE,FALSE,AGE,55-74 yrs,1
55-74 yrs - 1 Joinpoint,2.0,2014,2024,4.3947,2.6059,6.2146,4e-5,5.1751,TRUE,FALSE,AGE,55-74 yrs,1
75+ yrs - 2 Joinpoints,1.0,1999,2018,0.4907,-0.1996,1.1857,0.153038,1.4919,FALSE,FALSE,AGE,75+ yrs,2
75+ yrs - 2 Joinpoints,2.0,2018,2021,16.3932,-3.6599,40.6203,0.10892400000000001,1.6867,FALSE,FALSE,AGE,75+ yrs,2
75+ yrs - 2 Joinpoints,3.0,2021,2024,-2.4391,-10.0032,5.7606,0.528424,-0.6429,FALSE,FALSE,AGE,75+ yrs,2
Census Region 1: Northeast - 0 Joinpoints,1.0,1999,2024,0.9486,0.0858,1.8188,0.032465,2.2701,TRUE,FALSE,CENSUS_REGION,Census Region 1: Northeast,0
Census Region 2: Midwest - 2 Joinpoints,1.0,1999,2018,-0.6722,-1.5718,0.2357,0.136789,-1.5574,FALSE,FALSE,CENSUS_REGION,Census Region 2: Midwest,2
Census Region 2: Midwest - 2 Joinpoints,2.0,2018,2021,24.6722,-6.3852,66.0329,0.123252,1.6171,FALSE,FALSE,CENSUS_REGION,Census Region 2: Midwest,2
Census Region 2: Midwest - 2 Joinpoints,3.0,2021,2024,-9.0867,-19.1724,2.2575,0.105952,-1.7021,FALSE,FALSE,CENSUS_REGION,Census Region 2: Midwest,2
Census Region 3: South - 1 Joinpoint,1.0,1999,2014,-1.4219,-2.4067,-0.4273,0.007362,-2.9666,TRUE,FALSE,CENSUS_REGION,Census Region 3: South,1
Census Region 3: South - 1 Joinpoint,2.0,2014,2024,5.5905,3.8978,7.3109,1e-6,6.9999,TRUE,FALSE,CENSUS_REGION,Census Region 3: South,1
Census Region 4: West - 2 Joinpoints,1.0,1999,2018,0.3126,-0.4332,1.064,0.391195,0.8786,FALSE,FALSE,CENSUS_REGION,Census Region 4: West,2
Census Region 4: West - 2 Joinpoints,2.0,2018,2021,17.5499,-2.6603,41.9562,0.088538,1.8007,FALSE,FALSE,CENSUS_REGION,Census Region 4: West,2
Census Region 4: West - 2 Joinpoints,3.0,2021,2024,-7.9331,-15.4224,0.2194,0.05558,-2.0467,FALSE,FALSE,CENSUS_REGION,Census Region 4: West,2
Metro - 1 Joinpoint,1.0,1999,2018,-0.3898,-0.9046,0.1276,0.130145,-1.5905,FALSE,FALSE,URBANIZATION,Metro,1
Metro - 1 Joinpoint,2.0,2018,2020,14.4761,-2.1175,33.8829,0.086181,1.8215,FALSE,FALSE,URBANIZATION,Metro,1
Non Metro - 1 Joinpoint,1.0,1999,2016,-0.2255,-1.3532,0.915,0.680424,-0.4191,FALSE,FALSE,URBANIZATION,Non Metro,1
Non Metro - 1 Joinpoint,2.0,2016,2020,10.2061,1.8768,19.2163,0.018335,2.609,TRUE,FALSE,URBANIZATION,Non Metro,1
