cohort,joinpoint_no,joinpoint_year,ci_lower,ci_upper,file,group,n_joinpoints
Overall - 2 Joinpoints,1,2018,2012,2019,OVERALL,Overall,2
Overall - 2 Joinpoints,2,2021,2020,2022,OVERALL,Overall,2
ANNUAL PERCENTAGE CHANG (APC),NA,NA,NA,NA,OVERALL,NA,NA
Cohort,NA,NA,NA,NA,OVERALL,NA,NA
Overall - 2 Joinpoints,1,1999,2018,-0.3889,OVERALL,Overall,2
Overall - 2 Joinpoints,2,2018,2021,15.4349,OVERALL,Overall,2
Overall - 2 Joinpoints,3,2021,2024,-3.2595,OVERALL,Overall,2
AVERAGE ANNUAL PERCENTAGE CHANG (AAPC),NA,NA,NA,NA,OVERALL,NA,NA
Cohort,NA,NA,NA,NA,OVERALL,NA,NA
Overall - 2 Joinpoints,NA,1999,2024,1.0339,OVERALL,Overall,2
White - 2 Joinpoints,1,2018,2016,2019,RACE,White,2
White - 2 Joinpoints,2,2021,2020,2022,RACE,White,2
Black or African American - 1 Joinpoint,1,2015,2013,2018,RACE,Black or African American,1
Hispanic or Latino - 1 Joinpoint,1,2012,2003,2018,RACE,Hispanic or Latino,1
Female - 2 Joinpoints,1,2018,2016,2019,SEX,Female,2
Female - 2 Joinpoints,2,2021,2019,2022,SEX,Female,2
Male - 2 Joinpoints,1,2018,2014,2019,SEX,Male,2
Male - 2 Joinpoints,2,2022,2020,2022,SEX,Male,2
55-74 yrs - 1 Joinpoint,1,2014,2011,2017,AGE,55-74 yrs,1
75+ yrs - 2 Joinpoints,1,2018,2016,2019,AGE,75+ yrs,2
75+ yrs - 2 Joinpoints,2,2021,2020,2022,AGE,75+ yrs,2
Census Region 2: Midwest - 2 Joinpoints,1,2018,2015,2019,CENSUS_REGION,Census Region 2: Midwest,2
Census Region 2: Midwest - 2 Joinpoints,2,2021,2020,2022,CENSUS_REGION,Census Region 2: Midwest,2
Census Region 3: South - 1 Joinpoint,1,2014,2011,2016,CENSUS_REGION,Census Region 3: South,1
Census Region 4: West - 2 Joinpoints,1,2018,2016,2019,CENSUS_REGION,Census Region 4: West,2
Census Region 4: West - 2 Joinpoints,2,2021,2020,2022,CENSUS_REGION,Census Region 4: West,2
Metro - 1 Joinpoint,1,2018,2013,2018,URBANIZATION,Metro,1
Non Metro - 1 Joinpoint,1,2016,2013,2018,URBANIZATION,Non Metro,1
