cohort,range,start_year,end_year,aapc,ci_lower,ci_upper,p_value,t_stat,significant,p_less_than_flag,file,group,n_joinpoints
White - 2 Joinpoints,Full Range,1999,2024,1.202,-0.9264,3.3761,0.270568,1.1018,FALSE,FALSE,RACE,White,2
Black or African American - 1 Joinpoint,Full Range,1999,2024,1.3963,0.1715,2.636,0.025331,2.2363,TRUE,FALSE,RACE,Black or African American,1
Hispanic or Latino - 1 Joinpoint,Full Range,1999,2024,0.3593,-2.275,3.0646,0.791584,0.2643,FALSE,FALSE,RACE,Hispanic or Latino,1
Asian - 0 Joinpoints,Full Range,2019,2024,-5.779,-18.6517,9.1307,0.323506,-1.1251,FALSE,FALSE,RACE,Asian,0
Female - 2 Joinpoints,Full Range,1999,2024,0.8256,-1.4457,3.1493,0.479395,0.7073,FALSE,FALSE,SEX,Female,2
Male - 2 Joinpoints,Full Range,1999,2024,0.931,-1.1597,3.0659,0.38556,0.8677,FALSE,FALSE,SEX,Male,2
35-54 yrs - 0 Joinpoints,Full Range,1999,2024,-0.8175,-2.4344,0.8261,0.312917,-1.0308,FALSE,FALSE,AGE,35-54 yrs,0
55-74 yrs - 1 Joinpoint,Full Range,1999,2024,0.6962,-0.2185,1.6194,0.136192,1.4901,FALSE,FALSE,AGE,55-74 yrs,1
75+ yrs - 2 Joinpoints,Full Range,1999,2024,1.9154,-0.4545,4.3418,0.113995,1.5805,FALSE,FALSE,AGE,75+ yrs,2
Census Region 1: Northeast - 0 Joinpoints,Full Range,1999,2024,0.9486,0.0858,1.8188,0.032465,2.2701,TRUE,FALSE,CENSUS_REGION,Census Region 1: Northeast,0
Census Region 2: Midwest - 2 Joinpoints,Full Range,1999,2024,0.9954,-2.5041,4.6205,0.581988,0.5505,FALSE,FALSE,CENSUS_REGION,Census Region 2: Midwest,2
Census Region 3: South - 1 Joinpoint,Full Range,1999,2024,1.3254,0.4851,2.1727,0.001943,3.0988,TRUE,FALSE,CENSUS_REGION,Census Region 3: South,1
Census Region 4: West - 2 Joinpoints,Full Range,1999,2024,1.1927,-1.1827,3.6252,0.327937,0.9783,FALSE,FALSE,CENSUS_REGION,Census Region 4: West,2
Metro - 1 Joinpoint,Full Range,1999,2020,0.9386,-0.5168,2.4152,0.207408,1.2607,FALSE,FALSE,URBANIZATION,Metro,1
Non Metro - 1 Joinpoint,Full Range,1999,2020,1.6823,0.036,3.3557,0.045153,2.0032,TRUE,FALSE,URBANIZATION,Non Metro,1
