file,stratifier,group,method,n_years,year_start,year_end,apc,apc_lo,apc_hi,p_value,dw_p
AGE,Age group,35-54 yrs,OLS log-linear,26,1999,2024,-0.44923734734749754,-1.6656108442302808,0.7821824064614846,0.45707711816687335,0.7264377420211469
AGE,Age group,35-54 yrs,WLS log-linear,26,1999,2024,-0.2862742351289249,-1.8698971340337711,1.3229051588033558,0.7149264825708109,NA
AGE,Age group,55-74 yrs,OLS log-linear,26,1999,2024,0.3660344173890717,-0.3580724474752106,1.095403432079456,0.3080547607570584,3.126753463716755e-5
AGE,Age group,55-74 yrs,WLS log-linear,26,1999,2024,0.6227119539976345,-0.11179429260778084,1.3626192329119435,0.09310838984802422,NA
AGE,Age group,75+ yrs,OLS log-linear,26,1999,2024,1.94982606775016,1.237389929598276,2.667275820449966,7.459180652679604e-6,1.5052419512071014e-4
AGE,Age group,75+ yrs,WLS log-linear,26,1999,2024,2.2824652210803764,1.5706528748241855,2.9992659847774217,6.727259057111548e-7,NA
CENSUS_REGION,Census region,Census Region 1: Northeast,OLS log-linear,26,1999,2024,0.7534389815509801,-0.049356572299763535,1.5626825249211551,0.06466303179892131,0.12045191343214441
CENSUS_REGION,Census region,Census Region 1: Northeast,WLS log-linear,26,1999,2024,0.8512988776887109,0.11051645818478395,1.5975628251325924,0.025992093690502323,NA
CENSUS_REGION,Census region,Census Region 2: Midwest,OLS log-linear,26,1999,2024,1.268967079327843,0.2955901118596227,2.2517907504820522,0.012661876488713465,1.4430219449685811e-4
CENSUS_REGION,Census region,Census Region 2: Midwest,WLS log-linear,26,1999,2024,1.7003300068896499,0.6916734712926642,2.719090535912594,0.001883011045889489,NA
CENSUS_REGION,Census region,Census Region 3: South,OLS log-linear,26,1999,2024,1.0192983464717642,0.233056930353448,1.8117071447228073,0.013129001265013589,6.078276598275758e-7
CENSUS_REGION,Census region,Census Region 3: South,WLS log-linear,26,1999,2024,1.4134806725478732,0.6136504659359776,2.219669145224512,0.0012425527787183028,NA
CENSUS_REGION,Census region,Census Region 4: West,OLS log-linear,26,1999,2024,1.6698172917495535,0.9819117241526509,2.362408986414688,3.8100960983081554e-5,0.0013047012820737592
CENSUS_REGION,Census region,Census Region 4: West,WLS log-linear,26,1999,2024,1.9767310687713868,1.2296195829758938,2.7293565096178307,1.196323705430956e-5,NA
OVERALL,Overall,Overall,OLS log-linear,26,1999,2024,1.0810548556191124,0.3968597062029122,1.7699127305812468,0.003260228707094751,1.3450537802004661e-6
OVERALL,Overall,Overall,WLS log-linear,26,1999,2024,1.4450984116718413,0.7442827114268802,2.150789253537666,2.6473722392849334e-4,NA
RACE,Race/ethnicity,Black or African American,OLS log-linear,26,1999,2024,1.0035710872173587,0.07908009512374026,1.9366021617502893,0.0345197918380051,0.0019351044785800922
RACE,Race/ethnicity,Black or African American,WLS log-linear,26,1999,2024,1.411313777702694,0.5480728320743422,2.281965953692988,0.0024551938172453487,NA
RACE,Race/ethnicity,Hispanic or Latino,OLS log-linear,24,1999,2024,0.5072921326590096,-1.0993415889319014,2.1400254976377653,0.5216497742887141,0.0011417226208935032
RACE,Race/ethnicity,Hispanic or Latino,WLS log-linear,24,1999,2024,1.1747219230382244,-0.3753158778385557,2.7488764095066953,0.13097283197788795,NA
RACE,Race/ethnicity,White,OLS log-linear,26,1999,2024,1.3847689148357434,0.6515095003010174,2.1233702201346905,6.606763942816932e-4,1.534547409595057e-6
RACE,Race/ethnicity,White,WLS log-linear,26,1999,2024,1.6666005931693206,0.9140156690124801,2.4247980585010875,1.1740585198650402e-4,NA
SEX,Sex,Female,OLS log-linear,26,1999,2024,0.8613496043600843,0.155371198754084,1.5723043332846798,0.01879395695449958,1.612389131091689e-4
SEX,Sex,Female,WLS log-linear,26,1999,2024,1.1266068882241465,0.4198092870513648,1.8383792334496274,0.003036556439196397,NA
SEX,Sex,Male,OLS log-linear,26,1999,2024,1.2255694234411862,0.39363631473361416,2.0643965218753113,0.005556262384867946,3.6272170456015997e-6
SEX,Sex,Male,WLS log-linear,26,1999,2024,1.6192292285796217,0.7714746577652809,2.4741156570429412,5.869965510906507e-4,NA
URBANIZATION,Urbanization,Metro,OLS log-linear,22,1999,2020,0.08942408839811566,-0.48600910123514085,0.6681846830800753,0.749766715819504,0.048234173319935375
URBANIZATION,Urbanization,Metro,WLS log-linear,22,1999,2020,0.2264971394754678,-0.3753267544771788,0.831956598670458,0.4424671911065299,NA
URBANIZATION,Urbanization,Non Metro,OLS log-linear,22,1999,2020,0.8944193954462776,-0.019550065284268392,1.81674389134312,0.05465432775076864,0.1856106267936499
URBANIZATION,Urbanization,Non Metro,WLS log-linear,22,1999,2020,1.1445142668196295,0.19393802839484664,2.1041089668683455,0.020608718469217257,NA
