file,stratifier,group,year,deaths,rate,ci_lower,ci_upper,se,se_reported,se_source,se_suspect,se_log,se_ci,se_pois,se_ratio_ci,se_ratio_pois,se_z,se_robust_z,deaths_suppressed,rate_suppressed,rate_unreliable
OVERALL,Overall,Overall,1999,551,0.29,0.26,0.31,0.01,0.01,reported,FALSE,0.0448708924886037,0.012755336423116348,0.012354415362426844,0.7839855938160216,0.8094272134003795,NA,NA,FALSE,FALSE,FALSE
OVERALL,Overall,Overall,2000,549,0.31,0.28,0.33,0.01,0.01,reported,FALSE,0.04191481389129539,0.012755336423116348,0.013230477593065918,0.7839855938160216,0.7558306137974181,NA,NA,FALSE,FALSE,FALSE
OVERALL,Overall,Overall,2001,548,0.3,0.27,0.33,0.01,0.01,reported,FALSE,0.05119244461760931,0.015306403707739622,0.012815364865751412,0.6533213281800179,0.7803133273813084,NA,NA,FALSE,FALSE,FALSE
OVERALL,Overall,Overall,2002,595,0.31,0.28,0.33,0.01,0.01,reported,FALSE,0.04191481389129539,0.012755336423116348,0.01270876095620721,0.7839855938160216,0.7868587688806754,NA,NA,FALSE,FALSE,FALSE
OVERALL,Overall,Overall,2003,624,0.34,0.31,0.37,0.01,0.01,reported,FALSE,0.04513621412298519,0.015306403707739622,0.013610893073432407,0.6533213281800179,0.7347056468703997,NA,NA,FALSE,FALSE,FALSE
OVERALL,Overall,Overall,2004,554,0.27,0.25,0.29,0.01,0.01,reported,FALSE,0.037862941944084495,0.010204269138493077,0.01147120079387636,0.9799819922700272,0.8717483182177644,NA,NA,FALSE,FALSE,FALSE
OVERALL,Overall,Overall,2005,594,0.28,0.26,0.3,0.01,0.01,reported,FALSE,0.03650598806137111,0.010204269138493077,0.011488539158071055,0.9799819922700272,0.8704326862109958,NA,NA,FALSE,FALSE,FALSE
OVERALL,Overall,Overall,2006,613,0.29,0.27,0.32,0.01,0.01,reported,FALSE,0.04334238744577436,0.012755336423116348,0.01171298967996928,0.7839855938160216,0.8537529933199964,NA,NA,FALSE,FALSE,FALSE
OVERALL,Overall,Overall,2007,568,0.27,0.25,0.3,0.01,0.01,reported,FALSE,0.046511455881864075,0.012755336423116348,0.011328948337005304,0.7839855938160216,0.8826944657639247,NA,NA,FALSE,FALSE,FALSE
OVERALL,Overall,Overall,2008,565,0.27,0.25,0.29,0.01,0.01,reported,FALSE,0.037862941944084495,0.010204269138493077,0.011358985371615124,0.9799819922700272,0.8803603202966453,NA,NA,FALSE,FALSE,FALSE
OVERALL,Overall,Overall,2009,581,0.26,0.24,0.28,0.01,0.01,reported,FALSE,0.039324875620975544,0.01020426913849309,0.01078661757738529,0.9799819922700259,0.9270746763995346,NA,NA,FALSE,FALSE,FALSE
OVERALL,Overall,Overall,2010,618,0.28,0.26,0.3,0.01,0.01,reported,FALSE,0.03650598806137111,0.010204269138493077,0.011263251813927816,0.9799819922700272,0.8878430639040038,NA,NA,FALSE,FALSE,FALSE
OVERALL,Overall,Overall,2011,644,0.28,0.26,0.3,0.01,0.01,reported,FALSE,0.03650598806137111,0.010204269138493077,0.01103354568734741,0.9799819922700272,0.9063269671749656,NA,NA,FALSE,FALSE,FALSE
OVERALL,Overall,Overall,2012,603,0.26,0.24,0.28,0.01,0.01,reported,FALSE,0.039324875620975544,0.01020426913849309,0.010588018510879788,0.9799819922700259,0.944463781369898,NA,NA,FALSE,FALSE,FALSE
OVERALL,Overall,Overall,2013,675,0.29,0.27,0.32,0.01,0.01,reported,FALSE,0.04334238744577436,0.012755336423116348,0.011162105204332765,0.7839855938160216,0.8958883487425228,NA,NA,FALSE,FALSE,FALSE
OVERALL,Overall,Overall,2014,705,0.29,0.26,0.31,0.01,0.01,reported,FALSE,0.0448708924886037,0.012755336423116348,0.010922031868743286,0.7839855938160216,0.9155805549897762,NA,NA,FALSE,FALSE,FALSE
OVERALL,Overall,Overall,2015,645,0.26,0.24,0.28,0.01,0.01,reported,FALSE,0.039324875620975544,0.01020426913849309,0.010237490002456051,0.9799819922700259,0.9768019307077149,NA,NA,FALSE,FALSE,FALSE
OVERALL,Overall,Overall,2016,745,0.3,0.28,0.32,0.01,0.01,reported,FALSE,0.034064756719460444,0.010204269138493077,0.010991149581709676,0.9799819922700272,0.9098229375970788,NA,NA,FALSE,FALSE,FALSE
OVERALL,Overall,Overall,2017,784,0.3,0.28,0.32,0.01,0.01,reported,FALSE,0.034064756719460444,0.010204269138493077,0.010714285714285714,0.9799819922700272,0.9333333333333333,NA,NA,FALSE,FALSE,FALSE
OVERALL,Overall,Overall,2018,775,0.3,0.27,0.32,0.01,0.01,reported,FALSE,0.04334238744577436,0.012755336423116348,0.010776318121606494,0.7839855938160216,0.927960727138337,NA,NA,FALSE,FALSE,FALSE
OVERALL,Overall,Overall,2019,829,0.3,0.28,0.32,0.01,0.01,reported,FALSE,0.034064756719460444,0.010204269138493077,0.010419430674707818,0.9799819922700272,0.9597453365925314,NA,NA,FALSE,FALSE,FALSE
OVERALL,Overall,Overall,2020,1074,0.37,0.35,0.39,0.01,0.01,reported,FALSE,0.027606013552750937,0.01020426913849309,0.011290146657401037,0.9799819922700259,0.8857280869283212,NA,NA,FALSE,FALSE,FALSE
OVERALL,Overall,Overall,2021,1183,0.42,0.4,0.45,0.01,0.01,reported,FALSE,0.030047244894661575,0.012755336423116348,0.012211159897221187,0.7839855938160216,0.8189230248533257,NA,NA,FALSE,FALSE,FALSE
OVERALL,Overall,Overall,2022,1223,0.44,0.41,0.46,0.01,0.01,reported,FALSE,0.029354960267749707,0.012755336423116364,0.012581703545413105,0.7839855938160207,0.7948049295475323,NA,NA,FALSE,FALSE,FALSE
OVERALL,Overall,Overall,2023,1122,0.38,0.36,0.41,0.01,0.01,reported,FALSE,0.033177428073689195,0.012755336423116348,0.01134454724650411,0.7839855938160216,0.8814807486549593,NA,NA,FALSE,FALSE,FALSE
OVERALL,Overall,Overall,2024,1139,0.39,0.37,0.42,0.01,0.01,reported,FALSE,0.03233521295262187,0.012755336423116348,0.011555872593446216,0.7839855938160216,0.8653608733685233,NA,NA,FALSE,FALSE,FALSE
