year,method,estimate,lower,upper
2025,"Linear trend, 1999-2024",0.3595999999999995,0.26665673730233835,0.4525432626976606
2026,"Linear trend, 1999-2024",0.3633025641025638,0.26959745863847046,0.4570076695666571
2027,"Linear trend, 1999-2024",0.3670051282051281,0.2724905769075437,0.4615196795027125
2028,"Linear trend, 1999-2024",0.3707076923076924,0.27533730417947394,0.46607808043591087
2029,"Linear trend, 1999-2024",0.3744102564102567,0.2781388776714708,0.47068163514904265
2030,"Linear trend, 1999-2024",0.378112820512821,0.28089655281752735,0.4753290882081147
2031,"Linear trend, 1999-2024",0.38181538461538533,0.2836115967417208,0.48001917248904985
2032,"Linear trend, 1999-2024",0.38551794871794964,0.28628528217781885,0.48475061525808044
2033,"Linear trend, 1999-2024",0.38922051282051395,0.28891888186472936,0.48952214377629855
2034,"Linear trend, 1999-2024",0.39292307692307826,0.29151366343541196,0.49433249041074456
2035,"Linear trend, 1999-2024",0.3966256410256426,0.29407088480619165,0.4991803972450935
2036,"Linear trend, 1999-2024",0.400328205128206,0.29659179006413156,0.5040646201922804
2037,"Linear trend, 1999-2024",0.4040307692307703,0.2990776058422503,0.5089839326192903
2038,"Linear trend, 1999-2024",0.4077333333333346,0.30152953816590533,0.5139371285007639
2039,"Linear trend, 1999-2024",0.4114358974358989,0.3039487697485821,0.5189230251232158
2040,"Linear trend, 1999-2024",0.41513846153846323,0.3063364577114639,0.5239404653654626
2025,"Linear trend, post-Joinpoint 2015-2024",0.4413333333333327,0.34738587079339284,0.5352807958732726
2026,"Linear trend, post-Joinpoint 2015-2024",0.4586666666666659,0.36017075827099904,0.5571625750623327
2027,"Linear trend, post-Joinpoint 2015-2024",0.4759999999999991,0.3724497774064137,0.5795502225935845
2028,"Linear trend, post-Joinpoint 2015-2024",0.4933333333333323,0.38429325078029286,0.6023734158863717
2029,"Linear trend, post-Joinpoint 2015-2024",0.5106666666666655,0.39576359019494817,0.6255697431383828
2030,"Linear trend, post-Joinpoint 2015-2024",0.5279999999999987,0.40691498549508287,0.6490850145049145
2031,"Linear trend, post-Joinpoint 2015-2024",0.5453333333333319,0.4177938066439738,0.67287286002269
2032,"Linear trend, post-Joinpoint 2015-2024",0.5626666666666651,0.4284393692412369,0.6968939640920933
2033,"Linear trend, post-Joinpoint 2015-2024",0.5799999999999983,0.43888483336075346,0.7211151666392431
2034,"Linear trend, post-Joinpoint 2015-2024",0.5973333333333315,0.4491581008799661,0.7455085657866969
2035,"Linear trend, post-Joinpoint 2015-2024",0.6146666666666647,0.45928264192443136,0.770050691408898
2036,"Linear trend, post-Joinpoint 2015-2024",0.6319999999999979,0.4692782216386483,0.7947217783613475
2037,"Linear trend, post-Joinpoint 2015-2024",0.6493333333333311,0.4791615215178491,0.8195051451488131
2038,"Linear trend, post-Joinpoint 2015-2024",0.6666666666666643,0.4889466613337048,0.8443866719996238
2039,"Linear trend, post-Joinpoint 2015-2024",0.6839999999999975,0.4986456328271963,0.8693543671727987
2040,"Linear trend, post-Joinpoint 2015-2024",0.7013333333333307,0.5082686577968403,0.8943980088698211
2025,"ARIMA(0,1,0)",0.39,0.3308102765074197,0.44918972349258035
2026,"ARIMA(0,1,0)",0.39,0.30629309028367946,0.47370690971632057
2027,"ARIMA(0,1,0)",0.39,0.28748039162489764,0.4925196083751024
2028,"ARIMA(0,1,0)",0.39,0.2716205530148393,0.5083794469851608
2029,"ARIMA(0,1,0)",0.39,0.25764775470117407,0.522352245298826
2030,"ARIMA(0,1,0)",0.39,0.24501537942675192,0.5349846205732481
2031,"ARIMA(0,1,0)",0.39,0.2333987114679549,0.5466012885320451
2032,"ARIMA(0,1,0)",0.39,0.22258618056735893,0.5574138194326411
2033,"ARIMA(0,1,0)",0.39,0.21243082952225892,0.5675691704777411
2034,"ARIMA(0,1,0)",0.39,0.20282565968786964,0.5771743403121303
2035,"ARIMA(0,1,0)",0.39,0.1936898957302266,0.5863101042697734
2036,"ARIMA(0,1,0)",0.39,0.18496078324979529,0.5950392167502048
2037,"ARIMA(0,1,0)",0.39,0.17658841696696603,0.603411583033034
2038,"ARIMA(0,1,0)",0.39,0.1685323338728796,0.6114676661271204
2039,"ARIMA(0,1,0)",0.39,0.16075918664661437,0.6192408133533857
2040,"ARIMA(0,1,0)",0.39,0.15324110602967855,0.6267588939703215
2025,"ETS: ETS(M,N,N)",0.38991158846981455,0.3175755016594239,0.4622476752802052
2026,"ETS: ETS(M,N,N)",0.38991158846981455,0.2959037380793783,0.4839194388602508
2027,"ETS: ETS(M,N,N)",0.38991158846981455,0.2782670764211308,0.5015561005184983
2028,"ETS: ETS(M,N,N)",0.38991158846981455,0.262971808302766,0.5168513686368631
2029,"ETS: ETS(M,N,N)",0.38991158846981455,0.24925155917062403,0.5305716177690051
2030,"ETS: ETS(M,N,N)",0.38991158846981455,0.23668221199622988,0.5431409649433993
2031,"ETS: ETS(M,N,N)",0.38991158846981455,0.22499997843680133,0.5548231985028278
2032,"ETS: ETS(M,N,N)",0.38991158846981455,0.2140276095818369,0.5657955673577922
2033,"ETS: ETS(M,N,N)",0.38991158846981455,0.20363924581766904,0.5761839311219601
2034,"ETS: ETS(M,N,N)",0.38991158846981455,0.19374172864690772,0.5860814482927214
2035,"ETS: ETS(M,N,N)",0.38991158846981455,0.18426383224703682,0.5955593446925923
2036,"ETS: ETS(M,N,N)",0.38991158846981455,0.17514966325797424,0.6046735136816549
2037,"ETS: ETS(M,N,N)",0.38991158846981455,0.16635441214262947,0.6134687647969996
2038,"ETS: ETS(M,N,N)",0.38991158846981455,0.1578415069161672,0.6219816700234619
2039,"ETS: ETS(M,N,N)",0.38991158846981455,0.14958064205287633,0.6302425348867527
2040,"ETS: ETS(M,N,N)",0.38991158846981455,0.14154637468106382,0.6382768022585653
