year,r_ref,s_ref,r_cmp,s_cmp,reference,comparator,rr,se_ln_rr,rr_lo,rr_hi
1999,0.29,0.04334238744577436,0.37,0.137501633954558,White,Black or African American,1.2758620689655173,0.14417094675999348,0.9618009324941141,1.692474985238104
2000,0.3,0.04334238744577436,0.39,0.13031505369366947,White,Black or African American,1.3,0.1373338114547309,0.9932180421431694,1.7015397710187705
2001,0.28,0.054876360309096664,0.43,0.12563406495792423,White,Black or African American,1.5357142857142856,0.13709607287820363,1.173853868224588,2.0091243307090356
2002,0.31,0.04191481389129539,0.36,0.14140839833743424,White,Black or African American,1.161290322580645,0.1474896157154815,0.8697559700062788,1.5505443593675166
2003,0.34,0.04513621412298519,0.37,0.13213076761112033,White,Black or African American,1.088235294117647,0.13962742415034324,0.8276976613618503,1.4307833773685052
2004,0.27,0.04827690741545385,0.39,0.13031505369366947,White,Black or African American,1.4444444444444444,0.13897004356617387,1.1000421528091051,1.896672548191419
2005,0.29,0.0448708924886037,0.36,0.12664438995556093,White,Black or African American,1.2413793103448276,0.13435847014587513,0.9539780138920388,1.6153648928083122
2006,0.29,0.04334238744577436,0.45,0.11990108822230015,White,Black or African American,1.5517241379310347,0.12749444500209187,1.2086235369956735,1.992223158439477
2007,0.28,0.0448708924886037,0.35,0.13031505369366939,White,Black or African American,1.2499999999999998,0.1378238376040508,0.9541005577894537,1.6376680500220442
2008,0.27,0.04827690741545385,0.31,0.14117229769266654,White,Black or African American,1.1481481481481481,0.1491987849328109,0.8570372407669085,1.5381410601439076
2009,0.26,0.05018211961997264,0.39,0.12516120712381515,White,Black or African American,1.5,0.13484647899831792,1.1516214039211965,1.9537670907634188
2010,0.28,0.046511455881864075,0.39,0.11679630269658256,White,Black or African American,1.3928571428571428,0.1257167126989977,1.0886701514174646,1.7820374866365059
2011,0.28,0.0448708924886037,0.4,0.11385084270646689,White,Black or African American,1.4285714285714286,0.12237406333736123,1.123924060274457,1.8157955672131931
2012,0.27,0.037862941944084495,0.33,0.12234231956421077,White,Black or African American,1.222222222222222,0.12806734763011446,0.9509092056582926,1.5709461551165493
2013,0.28,0.0448708924886037,0.42,0.11600625335512492,White,Black or African American,1.4999999999999998,0.12438186286680733,1.1754853622493695,1.914102950371474
2014,0.31,0.040578473860838696,0.26,0.13536683715815662,White,Black or African American,0.8387096774193549,0.1413180566774029,0.6358014385556314,1.1063735945531823
2015,0.27,0.046511455881864075,0.29,0.13262372762627783,White,Black or African American,1.074074074074074,0.1405431202789369,0.8154619715786569,1.4147013065057485
2016,0.3,0.034064756719460444,0.35,0.11530444623173135,White,Black or African American,1.1666666666666667,0.12023112313857111,0.9217345612986327,1.4766844688924765
2017,0.3,0.04191481389129539,0.37,0.10904384422330303,White,Black or African American,1.2333333333333334,0.11682213654328492,0.9809373849419968,1.5506709546002828
2018,0.3,0.04191481389129539,0.41,0.10084693896477764,White,Black or African American,1.3666666666666667,0.10921060718679076,1.1033222200702932,1.6928670009553335
2019,0.31,0.04191481389129539,0.38,0.10067893979607044,White,Black or African American,1.2258064516129032,0.10905549294741052,0.9899054125944012,1.5179242760959477
2020,0.39,0.033177428073689195,0.52,0.08498738985928804,White,Black or African American,1.3333333333333333,0.09123375564274133,1.115014263511973,1.5943991354678198
2021,0.48,0.031929959923059026,0.5,0.09285001665140896,White,Black or African American,1.0416666666666667,0.09818680121510771,0.859314243053701,1.2627155353418662
2022,0.45,0.03406475671946047,0.52,0.08920412600382734,White,Black or African American,1.1555555555555557,0.09548708680477551,0.9583233591514702,1.3933800415317368
2023,0.4,0.038338001166027744,0.53,0.08175453676766853,White,Black or African American,1.325,0.09029732341272587,1.1100809689333397,1.5815287795510573
2024,0.41,0.030773011325747036,0.54,0.08583633150283962,White,Black or African American,1.3170731707317074,0.09118582144127414,1.1015200107732943,1.5748072845662455
1999,0.29,0.04334238744577436,0.27,0.22458543360802777,White,Hispanic or Latino,0.9310344827586208,0.22872948987484204,0.5946629370308587,1.457674850922533
2000,0.3,0.04334238744577436,0.23,0.22333796545739765,White,Hispanic or Latino,0.7666666666666667,0.22750474580577296,0.490856097876923,1.1974543666057438
2002,0.31,0.04191481389129539,0.32,0.19442705530779147,White,Hispanic or Latino,1.032258064516129,0.1988937692819987,0.6990199990401089,1.5243579771992253
2003,0.34,0.04513621412298519,0.15,0.2502161419159695,White,Hispanic or Latino,0.4411764705882352,0.2542545879638528,0.2680343436249634,0.7261632056861702
2004,0.27,0.04827690741545385,0.15,0.2502161419159695,White,Hispanic or Latino,0.5555555555555555,0.25483088012427557,0.3371437060438324,0.915461181020876
2005,0.29,0.0448708924886037,0.17,0.2437573987492599,White,Hispanic or Latino,0.5862068965517242,0.24785291290951075,0.36064352687249773,0.95284817266745
2007,0.28,0.0448708924886037,0.16,0.23375193092876695,White,Hispanic or Latino,0.5714285714285714,0.2380196676866239,0.35839277245947504,0.9110970905023484
2008,0.27,0.04827690741545385,0.11,0.2409385111896556,White,Hispanic or Latino,0.4074074074074074,0.24572754417013998,0.2516895916781869,0.6594662675707708
2009,0.26,0.05018211961997264,0.18,0.20687375447019513,White,Hispanic or Latino,0.6923076923076923,0.21287319093335316,0.456143161706744,1.0507445492223326
2010,0.28,0.046511455881864075,0.19,0.1957319519046468,White,Hispanic or Latino,0.6785714285714285,0.2011822868064024,0.4574555454162846,1.0065659675290446
2011,0.28,0.0448708924886037,0.17,0.2094376627697295,White,Hispanic or Latino,0.6071428571428571,0.21419040963397679,0.39899888569702324,0.9238683670397576
2012,0.27,0.037862941944084495,0.14,0.21615138519650912,White,Hispanic or Latino,0.5185185185185185,0.21944252936710051,0.33726746773242683,0.7971757722566414
2013,0.28,0.0448708924886037,0.12,0.2547314231249644,White,Hispanic or Latino,0.4285714285714285,0.2586532329587115,0.2581411162266118,0.7115234956469136
2014,0.31,0.040578473860838696,0.16,0.18816645329936305,White,Hispanic or Latino,0.5161290322580645,0.1924921470817346,0.3539229100327611,0.7526757109761212
2015,0.27,0.046511455881864075,0.19,0.15792106724642033,White,Hispanic or Latino,0.7037037037037037,0.16462800189669738,0.5096338045820519,0.9716759330994932
2016,0.3,0.034064756719460444,0.18,0.18724047504690286,White,Hispanic or Latino,0.6,0.19031395940956586,0.41319562496764,0.8712580149613004
2017,0.3,0.04191481389129539,0.18,0.15640707628367123,White,Hispanic or Latino,0.6,0.1619259865961856,0.4368371858844648,0.8241056659842443
2018,0.3,0.04191481389129539,0.18,0.1768265095755335,White,Hispanic or Latino,0.6,0.1817263495264464,0.4202091464633011,0.8567162400674696
2019,0.31,0.04191481389129539,0.15,0.1768265095755335,White,Hispanic or Latino,0.48387096774193544,0.1817263495264464,0.33887834392201693,0.690900193602798
2020,0.39,0.033177428073689195,0.23,0.14489654965247445,White,Hispanic or Latino,0.5897435897435898,0.14864639866063628,0.44069201861066265,0.7892076256341813
2021,0.48,0.031929959923059026,0.29,0.1256340649579242,White,Hispanic or Latino,0.6041666666666666,0.12962808576284723,0.46861602288269816,0.7789263347542014
2022,0.45,0.03406475671946047,0.3,0.1104265399034512,White,Hispanic or Latino,0.6666666666666666,0.11556136190528618,0.5315482973420851,0.8361318184383462
2023,0.4,0.038338001166027744,0.22,0.12729600392021656,White,Hispanic or Latino,0.5499999999999999,0.1329438789394312,0.42383874459473825,0.7137148357902987
2024,0.41,0.030773011325747036,0.23,0.13624803571469488,White,Hispanic or Latino,0.5609756097560976,0.139680010961366,0.42662680468544745,0.7376321208257168
2022,0.45,0.03406475671946047,0.13,0.28026338681063107,White,Asian,0.2888888888888889,0.2823260059521996,0.1661171634164844,0.5023971539546233
2023,0.4,0.038338001166027744,0.13,0.24619863009117068,White,Asian,0.325,0.24916574361692548,0.19943119680182586,0.5296312798290994
1999,0.24,0.06411200161412207,0.38,0.06152206334380215,Female,Male,1.5833333333333335,0.08885557398975032,1.330265577369992,1.8845443249015068
2000,0.27,0.05692542135323343,0.39,0.06577394057641435,Female,Male,1.4444444444444444,0.08698686599247527,1.2180286067277093,1.7129480716316539
2001,0.21,0.07338963234043594,0.36,0.05692542135323347,Female,Male,1.7142857142857142,0.09287917813647756,1.4289739320250527,2.0565634154287418
2002,0.26,0.05913415141445095,0.39,0.05990915979318641,Female,Male,1.5,0.08417811645928384,1.2718582646678525,1.7690650464008981
2003,0.26,0.05913415141445095,0.43,0.05422585406168949,Female,Male,1.6538461538461537,0.08023273092838644,1.4131910660156768,1.9354828701990774
2004,0.24,0.06411200161412207,0.37,0.06322467296835077,Female,Male,1.5416666666666667,0.09004281216690256,1.2922480981821274,1.8392258533439436
2005,0.24,0.05448419001132277,0.37,0.06152206334380215,Female,Male,1.5416666666666667,0.08217962788470588,1.3123179109952996,1.8110978225607899
2006,0.24,0.05448419001132277,0.38,0.05390637157978054,Female,Male,1.5833333333333335,0.07664479015619584,1.3624864479807735,1.8399775264992737
2007,0.22,0.05692542135323343,0.32,0.06411200161412202,Female,Male,1.4545454545454546,0.08573711184319395,1.2295543640560218,1.7207067383011996
2008,0.21,0.07338963234043594,0.35,0.05856598474649384,Female,Male,1.6666666666666665,0.09389362440757577,1.3865206804610313,2.003416044868613
2009,0.22,0.05692542135323343,0.31,0.05880813638163092,Female,Male,1.4090909090909092,0.08184681118359875,1.2002476961566801,1.6542728608774209
2010,0.24,0.06411200161412207,0.31,0.0662030520795473,Female,Male,1.2916666666666667,0.09215852025513671,1.0782140269699343,1.547376250025637
2011,0.24,0.06411200161412207,0.36,0.05692542135323347,Female,Male,1.5,0.08573711184319402,1.2679779379327725,1.7744788238731122
2012,0.23,0.0669308891737264,0.32,0.06411200161412202,Female,Male,1.391304347826087,0.09268275285377982,1.160193532180681,1.6684524905438924
2013,0.24,0.06411200161412207,0.36,0.05692542135323347,Female,Male,1.5,0.08573711184319402,1.2679779379327725,1.7744788238731122
2014,0.22,0.059596720405127146,0.41,0.04420278194925569,Female,Male,1.8636363636363635,0.07420010117985246,1.6113947162655995,2.155362966509383
2015,0.21,0.06253238834143884,0.34,0.05193946338994036,Female,Male,1.6190476190476193,0.08128965154876401,1.3805932492333324,1.8986875346518082
2016,0.23,0.0669308891737264,0.37,0.05537461579651583,Female,Male,1.6086956521739129,0.08686824506226304,1.3568489527852572,1.9072879822112572
2017,0.23,0.05448419001132277,0.38,0.05390637157978054,Female,Male,1.6521739130434783,0.07664479015619584,1.4217249891973287,1.9199765493905463
2018,0.23,0.05448419001132277,0.35,0.050466678186523874,Female,Male,1.5217391304347825,0.07426582369012066,1.3156035133311481,1.7601731506728882
2019,0.23,0.05692542135323343,0.39,0.04651145588186416,Female,Male,1.6956521739130435,0.0735106735412876,1.4681295235192136,1.9584350350804738
2020,0.34,0.04513621412298519,0.48,0.0484814017979169,Female,Male,1.4117647058823528,0.06623989844230611,1.2398776073621618,1.6074809101644805
2021,0.35,0.04384015682997039,0.57,0.04001156978651729,Female,Male,1.6285714285714286,0.059353896819482235,1.449721843899329,1.829485365844677
2022,0.31,0.040578473860838696,0.61,0.038019979024120215,Female,Male,1.967741935483871,0.05560693613092984,1.764555941620296,2.1943244945277023
2023,0.3,0.05119244461760931,0.5,0.0409044888936587,Female,Male,1.6666666666666667,0.06552742630058382,1.4657898269547476,1.895072353960016
2024,0.3,0.04191481389129539,0.5,0.0409044888936587,Female,Male,1.6666666666666667,0.058566448032925614,1.4859250311456071,1.8693929502191562
1999,0.28,0.10343687723509756,0.3,0.08583633150283956,Census Region 1: Northeast,Census Region 2: Midwest,1.0714285714285714,0.13441377674187277,0.8232846330222028,1.3943648862476832
2000,0.32,0.08718254427574475,0.36,0.08583633150283965,Census Region 1: Northeast,Census Region 2: Midwest,1.125,0.12234652358059699,0.8851379732083894,1.4298618275436161
2001,0.29,0.09971262527528964,0.3,0.08583633150283956,Census Region 1: Northeast,Census Region 2: Midwest,1.0344827586206897,0.13156931042289344,0.7993394673120381,1.3387986226704305
2002,0.26,0.09935508249992647,0.33,0.08718254427574475,Census Region 1: Northeast,Census Region 2: Midwest,1.2692307692307692,0.13218255726441136,0.9795499689193145,1.6445784254777756
2003,0.33,0.09380906563229822,0.37,0.08347421528901294,Census Region 1: Northeast,Census Region 2: Midwest,1.121212121212121,0.12557103731721467,0.8766001153010434,1.4340821987244015
2004,0.29,0.09971262527528964,0.28,0.09209693351126803,Census Region 1: Northeast,Census Region 2: Midwest,0.9655172413793105,0.13573670395832238,0.7399812943937044,1.259793389999839
2005,0.35,0.0883373978933329,0.33,0.08718254427574475,Census Region 1: Northeast,Census Region 2: Midwest,0.942857142857143,0.12411402778476416,0.739264486331375,1.2025190013500122
2006,0.28,0.10343687723509756,0.34,0.0820381462782156,Census Region 1: Northeast,Census Region 2: Midwest,1.2142857142857142,0.13202062345298382,0.937442690871239,1.572885265709425
2007,0.23,0.107873627820581,0.3,0.08583633150283956,Census Region 1: Northeast,Census Region 2: Midwest,1.3043478260869563,0.1378571557266383,0.9955181789671433,1.7089826056043527
2008,0.3,0.08583633150283956,0.31,0.08301744394323525,Census Region 1: Northeast,Census Region 2: Midwest,1.0333333333333334,0.11941428643480467,0.8177015372655306,1.305828262655009
2009,0.24,0.107873627820581,0.26,0.09099017807269388,Census Region 1: Northeast,Census Region 2: Midwest,1.0833333333333335,0.14112381827627032,0.8215562319532447,1.428521950738367
2010,0.3,0.10343687723509756,0.28,0.08123968951227094,Census Region 1: Northeast,Census Region 2: Midwest,0.9333333333333335,0.1315259469618023,0.7212431269495495,1.2077912129234682
2011,0.29,0.09971262527528964,0.29,0.08885538127629254,Census Region 1: Northeast,Census Region 2: Midwest,1,0.13355855053513288,0.7696880709475081,1.2992276192730534
2012,0.24,0.107873627820581,0.3,0.08583633150283956,Census Region 1: Northeast,Census Region 2: Midwest,1.25,0.1378571557266383,0.9540382548435126,1.6377749970375048
2013,0.32,0.0900071066115889,0.28,0.08424687633943309,Census Region 1: Northeast,Census Region 2: Midwest,0.8750000000000001,0.12328347583330727,0.6871775585896788,1.1141589105024357
2014,0.31,0.0930229117637282,0.31,0.08301744394323525,Census Region 1: Northeast,Census Region 2: Midwest,1,0.12468022341923586,0.7831987784280346,1.2768150660386741
2015,0.21,0.10839056159110333,0.29,0.07844141580492318,Census Region 1: Northeast,Census Region 2: Midwest,1.380952380952381,0.13379674717838105,1.0624064666410795,1.7950092910177242
2016,0.28,0.09209693351126803,0.27,0.08424687633943309,Census Region 1: Northeast,Census Region 2: Midwest,0.9642857142857143,0.12481739195773423,0.7550243813677164,1.231545578821051
2017,0.32,0.0900071066115889,0.32,0.08037929500878958,Census Region 1: Northeast,Census Region 2: Midwest,1,0.12067356921339467,0.7893733709947216,1.2668276341015396
2018,0.3,0.08583633150283956,0.3,0.07844141580492318,Census Region 1: Northeast,Census Region 2: Midwest,1,0.11627954041595719,0.7962009212531179,1.2559643844999935
2019,0.31,0.08301744394323525,0.35,0.06693088917372643,Census Region 1: Northeast,Census Region 2: Midwest,1.129032258064516,0.10663789159793932,0.9160855074547711,1.3914791025260216
2020,0.36,0.07747142707560706,0.47,0.06549096026069551,Census Region 1: Northeast,Census Region 2: Midwest,1.3055555555555556,0.1014440135690574,1.0701534508615171,1.5927391602295946
2021,0.41,0.073389632340436,0.56,0.05895815504426776,Census Region 1: Northeast,Census Region 2: Midwest,1.3658536585365855,0.09413873900413307,1.135724855199652,1.642612828271531
2022,0.4,0.07711388430024392,0.51,0.06030436781717289,Census Region 1: Northeast,Census Region 2: Midwest,1.275,0.09789365622807375,1.0524051229950797,1.5446760610339598
2023,0.33,0.07557940311150602,0.36,0.07132397952832074,Census Region 1: Northeast,Census Region 2: Midwest,1.0909090909090908,0.10391995107027255,0.8898805983768125,1.3373509286514058
2024,0.32,0.07790491354943084,0.46,0.06063163755860909,Census Region 1: Northeast,Census Region 2: Midwest,1.4375,0.0987186457979587,1.1846181700815246,1.7443648106949021
1999,0.28,0.10343687723509756,0.31,0.07338963234043594,Census Region 1: Northeast,Census Region 3: South,1.107142857142857,0.12682754317266026,0.86347121038762,1.4195786627005105
2000,0.32,0.08718254427574475,0.29,0.07844141580492318,Census Region 1: Northeast,Census Region 3: South,0.9062499999999999,0.11727681671955906,0.7201480883873961,1.1404446887293493
2001,0.29,0.09971262527528964,0.3,0.07844141580492318,Census Region 1: Northeast,Census Region 3: South,1.0344827586206897,0.12686868546954833,0.8067378548247309,1.326520841291091
2002,0.26,0.09935508249992647,0.32,0.07110166428247566,Census Region 1: Northeast,Census Region 3: South,1.2307692307692308,0.12217560755856739,0.9686805164654306,1.5637693477469077
2003,0.33,0.09380906563229822,0.28,0.08123968951227094,Census Region 1: Northeast,Census Region 3: South,0.8484848484848485,0.12409684906094523,0.6652925527989989,1.0821202418086644
2004,0.29,0.09971262527528964,0.27,0.07614756977946312,Census Region 1: Northeast,Census Region 3: South,0.9310344827586208,0.1254633812018811,0.7280666574713065,1.190584954262618
2005,0.35,0.0883373978933329,0.26,0.07912260907606007,Census Region 1: Northeast,Census Region 3: South,0.7428571428571429,0.11859124391610049,0.5887897674174295,0.9372390031748741
2006,0.28,0.10343687723509756,0.29,0.07082572404090158,Census Region 1: Northeast,Census Region 3: South,1.0357142857142856,0.1253613607060269,0.8100879700396886,1.3241822139144936
2007,0.23,0.107873627820581,0.26,0.06778266535223053,Census Region 1: Northeast,Census Region 3: South,1.1304347826086956,0.1274017633371913,0.8806451231396955,1.4510757672462125
2008,0.3,0.08583633150283956,0.22,0.08001615369698947,Census Region 1: Northeast,Census Region 3: South,0.7333333333333334,0.11734760610394065,0.5826596755798172,0.9229706470464488
2009,0.24,0.107873627820581,0.26,0.07047409513828048,Census Region 1: Northeast,Census Region 3: South,1.0833333333333335,0.1288538616601483,0.8415530539574195,1.394577686566738
2010,0.3,0.10343687723509756,0.27,0.07614756977946312,Census Region 1: Northeast,Census Region 3: South,0.9000000000000001,0.12844313899724988,0.6996994158043255,1.1576399546780825
2011,0.29,0.09971262527528964,0.26,0.06778266535223053,Census Region 1: Northeast,Census Region 3: South,0.8965517241379312,0.12056988579882956,0.7078578900167186,1.1355457153069415
2012,0.24,0.107873627820581,0.25,0.073389632340436,Census Region 1: Northeast,Census Region 3: South,1.0416666666666667,0.13047129076635058,0.8066244888643946,1.3451977461929756
2013,0.32,0.0900071066115889,0.26,0.07047409513828048,Census Region 1: Northeast,Census Region 3: South,0.8125,0.11431481673934196,0.6494091766237217,1.0165490014048653
2014,0.31,0.0930229117637282,0.26,0.07047409513828048,Census Region 1: Northeast,Census Region 3: South,0.8387096774193549,0.11670415673214803,0.6672258994938423,1.0542665138306284
2015,0.21,0.10839056159110333,0.24,0.06411200161412207,Census Region 1: Northeast,Census Region 3: South,1.1428571428571428,0.12593197605455078,0.8928910188235629,1.4628016425795007
2016,0.28,0.09209693351126803,0.27,0.06529032578046602,Census Region 1: Northeast,Census Region 3: South,0.9642857142857143,0.1128923017866954,0.7728792209128201,1.2030947573895194
2017,0.32,0.0900071066115889,0.3,0.06843594798443023,Census Region 1: Northeast,Census Region 3: South,0.9375,0.11306970512527911,0.7511491305804501,1.1700822303033562
2018,0.3,0.08583633150283956,0.3,0.06843594798443023,Census Region 1: Northeast,Census Region 3: South,1,0.10977866269176816,0.8064106094860654,1.240063050059958
2019,0.31,0.08301744394323525,0.28,0.06297566686906664,Census Region 1: Northeast,Census Region 3: South,0.903225806451613,0.10420091466235729,0.7363772422181545,1.107878965654506
2020,0.36,0.07747142707560706,0.36,0.05692542135323347,Census Region 1: Northeast,Census Region 3: South,1,0.09613701477253322,0.828262549131771,1.2073466330793943
2021,0.41,0.073389632340436,0.35,0.05856598474649384,Census Region 1: Northeast,Census Region 3: South,0.8536585365853658,0.09389362440757583,0.7101691290166258,1.0261399254205092
2022,0.4,0.07711388430024392,0.43,0.04759933270513601,Census Region 1: Northeast,Census Region 3: South,1.075,0.09062145234901964,0.9000597569497368,1.2839425283454096
2023,0.33,0.07557940311150602,0.39,0.05251424409527003,Census Region 1: Northeast,Census Region 3: South,1.1818181818181819,0.0920325594971102,0.9867619862069203,1.4154317195019626
2024,0.32,0.07790491354943084,0.39,0.05251424409527003,Census Region 1: Northeast,Census Region 3: South,1.21875,0.09395169710038183,1.0137778524332206,1.4651647389365736
1999,0.28,0.10343687723509756,0.29,0.10710754097320602,Census Region 1: Northeast,Census Region 4: West,1.0357142857142856,0.14890000975646592,0.7735636402883042,1.3867043715147473
2000,0.32,0.08718254427574475,0.27,0.10343687723509756,Census Region 1: Northeast,Census Region 4: West,0.84375,0.1352774319631358,0.6472401159118393,1.09992264848579
2001,0.29,0.09971262527528964,0.29,0.10710754097320602,Census Region 1: Northeast,Census Region 4: West,1,0.14633739430718773,0.7506498188608944,1.3321790998597625
2002,0.26,0.09935508249992647,0.28,0.10343687723509756,Census Region 1: Northeast,Census Region 4: West,1.076923076923077,0.14342461431259224,0.8130203765059081,1.4264873884142313
2003,0.33,0.09380906563229822,0.32,0.08718254427574475,Census Region 1: Northeast,Census Region 4: West,0.9696969696969697,0.12806614236868785,0.7544421437071918,1.246367558974055
2004,0.29,0.09971262527528964,0.33,0.08718254427574475,Census Region 1: Northeast,Census Region 4: West,1.1379310344827587,0.13245151439557995,0.8777543865670042,1.4752270783897186
2005,0.35,0.0883373978933329,0.28,0.10343687723509756,Census Region 1: Northeast,Census Region 4: West,0.8000000000000002,0.1360245692465654,0.6127815258939703,1.0444179090848433
2006,0.28,0.10343687723509756,0.31,0.0930229117637282,Census Region 1: Northeast,Census Region 4: West,1.107142857142857,0.1391130823652147,0.8429278288656525,1.4541758667192057
2007,0.23,0.107873627820581,0.29,0.09625029697420892,Census Region 1: Northeast,Census Region 4: West,1.2608695652173911,0.14457122551461143,0.949753519554237,1.6738996252813627
2008,0.3,0.08583633150283956,0.27,0.09558682006326262,Census Region 1: Northeast,Census Region 4: West,0.9000000000000001,0.12847068138556716,0.6996616455875501,1.1577024481880696
2009,0.24,0.107873627820581,0.31,0.0900071066115889,Census Region 1: Northeast,Census Region 4: West,1.2916666666666667,0.14049198845401528,0.9807616028740626,1.7011297882060479
2010,0.3,0.10343687723509756,0.31,0.08301744394323525,Census Region 1: Northeast,Census Region 4: West,1.0333333333333334,0.1326313823007845,0.7967909667339388,1.3400977450266778
2011,0.29,0.09971262527528964,0.29,0.08885538127629254,Census Region 1: Northeast,Census Region 4: West,1,0.13355855053513288,0.7696880709475081,1.2992276192730534
2012,0.24,0.107873627820581,0.25,0.09099017807269388,Census Region 1: Northeast,Census Region 4: West,1.0416666666666667,0.14112381827627032,0.7899579153396582,1.3735787987868913
2013,0.32,0.0900071066115889,0.32,0.08037929500878958,Census Region 1: Northeast,Census Region 4: West,1,0.12067356921339467,0.7893733709947216,1.2668276341015396
2014,0.31,0.0930229117637282,0.32,0.08037929500878958,Census Region 1: Northeast,Census Region 4: West,1.032258064516129,0.1229393882330329,0.8112264222215402,1.3135133207823313
2015,0.21,0.10839056159110333,0.3,0.08583633150283956,Census Region 1: Northeast,Census Region 4: West,1.4285714285714286,0.138262032561004,1.0894645529176894,1.873228753579098
2016,0.28,0.09209693351126803,0.35,0.07338963234043602,Census Region 1: Northeast,Census Region 4: West,1.2499999999999998,0.11776197729846123,0.9923636234760884,1.574523655479043
2017,0.32,0.0900071066115889,0.31,0.07338963234043594,Census Region 1: Northeast,Census Region 4: West,0.96875,0.1161349102365619,0.7715383193915084,1.216370644092119
2018,0.3,0.08583633150283956,0.32,0.08037929500878958,Census Region 1: Northeast,Census Region 4: West,1.0666666666666667,0.11759552232961676,0.847093274199231,1.343155249170565
2019,0.31,0.08301744394323525,0.33,0.07790491354943084,Census Region 1: Northeast,Census Region 4: West,1.0645161290322582,0.11384670199005548,0.8516198146503992,1.3306343622770382
2020,0.36,0.07747142707560706,0.42,0.06801876599699831,Census Region 1: Northeast,Census Region 4: West,1.1666666666666667,0.10309400826859685,0.9532197031874359,1.4279091237410877
2021,0.41,0.073389632340436,0.5,0.061522063343802176,Census Region 1: Northeast,Census Region 4: West,1.2195121951219512,0.09576535079632495,1.0108123355391387,1.4713017854673531
2022,0.4,0.07711388430024392,0.46,0.0619772048177206,Census Region 1: Northeast,Census Region 4: West,1.15,0.09893293217573759,0.9472965940139982,1.396078069273051
2023,0.33,0.07557940311150602,0.47,0.05934351271340917,Census Region 1: Northeast,Census Region 4: West,1.424242424242424,0.09609317705153723,1.1797480208980966,1.7194065572305381
2024,0.32,0.07790491354943084,0.37,0.06152206334380215,Census Region 1: Northeast,Census Region 4: West,1.15625,0.09926802019393303,0.9518196222663756,1.4045876248239944
1999,0.28,0.0448708924886037,0.32,0.10343687723509754,Metro,Non Metro,1.1428571428571428,0.11275009784861595,0.9162603421103458,1.4254927218298121
2000,0.31,0.04191481389129539,0.3,0.10001257443208185,Metro,Non Metro,0.9677419354838709,0.10844061355449185,0.7824466640485431,1.1969179456249384
2001,0.29,0.05297019904857367,0.28,0.10710754097320602,Metro,Non Metro,0.9655172413793105,0.11949003021412506,0.7639236147233992,1.220309891504339
2002,0.31,0.049530505655317,0.31,0.10001257443208185,Metro,Non Metro,1,0.11160549285319295,0.8035284020860156,1.2445110806337778
2003,0.32,0.047973389558755075,0.37,0.09183911971624552,Metro,Non Metro,1.15625,0.1036140435269802,0.9437464087152769,1.4166030727681842
2004,0.27,0.04827690741545385,0.25,0.1118017816623301,Metro,Non Metro,0.9259259259259258,0.12177971166196623,0.7293183924126596,1.1755343471671116
2005,0.28,0.0448708924886037,0.3,0.10343687723509756,Metro,Non Metro,1.0714285714285714,0.11275009784861598,0.8589940707284491,1.3363994267154489
2006,0.3,0.04334238744577436,0.32,0.09681035587854406,Metro,Non Metro,1.0666666666666667,0.10606982395964447,0.8664468471900446,1.3131535782808614
2007,0.27,0.04827690741545385,0.3,0.10343687723509756,Metro,Non Metro,1.111111111111111,0.11414835680704714,0.8883707138289788,1.3896990096774346
2008,0.27,0.04827690741545385,0.33,0.10989562040180713,Metro,Non Metro,1.222222222222222,0.1200321089254804,0.9660034097439766,1.5463994696351446
2009,0.28,0.046511455881864075,0.28,0.09971262527528964,Metro,Non Metro,1,0.11002692019474561,0.8060183250728541,1.2406665815068316
2010,0.28,0.03650598806137111,0.27,0.10343687723509756,Metro,Non Metro,0.9642857142857143,0.10968990261863494,0.7777455205098879,1.1955670772181433
2011,0.28,0.0448708924886037,0.35,0.09448484544061923,Metro,Non Metro,1.2499999999999998,0.10459819793218972,1.0183002854538095,1.5344196818168083
2012,0.26,0.04827690741545385,0.27,0.09558682006326262,Metro,Non Metro,1.0384615384615385,0.10708641351453903,0.8418569386734093,1.2809805530180014
2013,0.29,0.0448708924886037,0.32,0.09681035587854406,Metro,Non Metro,1.1034482758620692,0.10670352383147513,0.8952117550060927,1.3601229996077142
2014,0.28,0.046511455881864075,0.33,0.09380906563229822,Metro,Non Metro,1.1785714285714286,0.10470652473965232,0.9599078716613663,1.4470457564232961
2015,0.25,0.040904488893658726,0.27,0.09558682006326262,Metro,Non Metro,1.08,0.10397123343241628,0.8808932479685792,1.3241105011189787
2016,0.3,0.04191481389129539,0.3,0.10343687723509756,Metro,Non Metro,1,0.11160662702407315,0.8035266158973337,1.2445138471029435
2017,0.29,0.04334238744577436,0.35,0.0883373978933329,Metro,Non Metro,1.206896551724138,0.09839745126813314,0.9952082879049442,1.4636124962644397
2018,0.29,0.03524308088580439,0.34,0.09099017807269391,Metro,Non Metro,1.1724137931034484,0.0975770836622201,0.9683294825693581,1.4195107419552941
2019,0.29,0.03524308088580439,0.37,0.08347421528901294,Metro,Non Metro,1.2758620689655173,0.09060915719969938,1.0682602577434146,1.523808460743054
2020,0.37,0.03500092925066731,0.47,0.0717902118758128,Metro,Non Metro,1.2702702702702702,0.07986801343206373,1.0862064005649101,1.485524812497254
