stratifier,reference,comparator,n_years,rr,rr_lo,rr_hi,q_heterogeneity_p,window,window_years,overlap_caveat
Race/ethnicity,White,Black or African American,5,1.2676340979305434,1.1202904030417706,1.4343568434338079,0.47164847003709337,first_5_years,1999-2003,FALSE
Race/ethnicity,White,Hispanic or Latino,4,0.7930971335602738,0.636310666803774,0.9885156670735101,0.05527353250041612,first_5_years,1999-2003,TRUE
Race/ethnicity,White,Asian,2,0.3086641407806452,0.21402677887734092,0.44514780955730476,0.7544376296529294,last_5_years,2020-2024,FALSE
Race/ethnicity,White,Black or African American,5,1.2363234197804354,1.139408296327373,1.3414818930354933,0.25782417197144664,last_5_years,2020-2024,FALSE
Race/ethnicity,White,Hispanic or Latino,5,0.5982306923213697,0.5329252170078138,0.6715388009685008,0.8257150037701709,last_5_years,2020-2024,TRUE
Race/ethnicity,White,Asian,2,0.3086641407806452,0.21402677887734092,0.44514780955730476,0.7544376296529294,all_years,1999-2024,FALSE
Race/ethnicity,White,Black or African American,26,1.2655109205090465,1.208625406267765,1.3250738248777518,0.2601870691227122,all_years,1999-2024,FALSE
Race/ethnicity,White,Hispanic or Latino,24,0.605062998650314,0.5626419435314919,0.650682439417563,0.4177624283131734,all_years,1999-2024,TRUE
Sex,Female,Male,5,1.5744342971736534,1.459719140792392,1.6981645899163065,0.6389087012939684,first_5_years,1999-2003,NA
Sex,Female,Male,5,1.6781202877710886,1.5912494735143972,1.7697336257459204,0.004144589995640801,last_5_years,2020-2024,NA
Sex,Female,Male,26,1.597491854126184,1.5508732756910508,1.6455117668220702,0.03199266333765456,all_years,1999-2024,NA
Census region,Census Region 1: Northeast,Census Region 2: Midwest,5,1.121800283893328,1.0018866440215852,1.2560661272933775,0.8495095090741129,first_5_years,1999-2003,NA
Census region,Census Region 1: Northeast,Census Region 3: South,5,1.0138304679327041,0.9099808694545869,1.1295316772150465,0.19920320893921936,first_5_years,1999-2003,NA
Census region,Census Region 1: Northeast,Census Region 4: West,5,0.9769332719449366,0.8643069027771336,1.1042357925945392,0.7691544422172336,first_5_years,1999-2003,NA
Census region,Census Region 1: Northeast,Census Region 2: Midwest,5,1.2950185479092784,1.1873216778018405,1.4124841403838606,0.3804288400354596,last_5_years,2020-2024,NA
Census region,Census Region 1: Northeast,Census Region 3: South,5,1.0590850421184537,0.9759455371360217,1.1493070911832204,0.05377942790591191,last_5_years,2020-2024,NA
Census region,Census Region 1: Northeast,Census Region 4: West,5,1.2224431170532577,1.121302744443301,1.332706248902299,0.48864361087611385,last_5_years,2020-2024,NA
Census region,Census Region 1: Northeast,Census Region 2: Midwest,26,1.1278131898208517,1.0769920767316319,1.181032450112292,0.08318123240943891,all_years,1999-2024,NA
Census region,Census Region 1: Northeast,Census Region 3: South,26,0.977953956158446,0.9363170758692891,1.0214423778163257,0.023458517269858446,all_years,1999-2024,NA
Census region,Census Region 1: Northeast,Census Region 4: West,26,1.0986600490109915,1.0482163262973163,1.1515312946484915,0.14016626975998714,all_years,1999-2024,NA
Urbanization,Metro,Non Metro,5,1.0472056703947543,0.9502726829618207,1.1540263502986403,0.6131909038431889,first_5_years,1999-2003,NA
Urbanization,Metro,Non Metro,5,1.1997882835967248,1.1050009617135994,1.3027064910637345,0.448961653104908,last_5_years,2016-2020,NA
Urbanization,Metro,Non Metro,22,1.1076166922166462,1.059785910784214,1.1576061961128863,0.5917103066226832,all_years,1999-2020,NA
