state,abbr,fips,deaths_1999_2020,deaths_2021_2024,supp_1999_2020,supp_2021_2024,total_deaths,total_is_lower_bound,avg_annual_99_20,avg_annual_21_24,pct_change_annualized
California,CA,06,1625,437,FALSE,FALSE,2062,FALSE,73.86363636363636,109.25,47.907692307692315
Texas,TX,48,941,356,FALSE,FALSE,1297,FALSE,42.77272727272727,89,108.07651434643996
Florida,FL,12,842,310,FALSE,FALSE,1152,FALSE,38.27272727272727,77.5,102.4940617577197
Pennsylvania,PA,42,769,251,FALSE,FALSE,1020,FALSE,34.95454545454545,62.75,79.51885565669701
New York,NY,36,774,216,FALSE,FALSE,990,FALSE,35.18181818181818,54,53.488372093023266
Ohio,OH,39,659,175,FALSE,FALSE,834,FALSE,29.954545454545453,43.75,46.05462822458271
Illinois,IL,17,540,121,FALSE,FALSE,661,FALSE,24.545454545454547,30.25,23.240740740740733
Michigan,MI,26,497,158,FALSE,FALSE,655,FALSE,22.59090909090909,39.5,74.84909456740444
North Carolina,NC,37,439,149,FALSE,FALSE,588,FALSE,19.954545454545453,37.25,86.6742596810934
Washington,WA,53,388,145,FALSE,FALSE,533,FALSE,17.636363636363637,36.25,105.54123711340205
Minnesota,MN,27,352,159,FALSE,FALSE,511,FALSE,16,39.75,148.4375
New Jersey,NJ,34,394,96,FALSE,FALSE,490,FALSE,17.90909090909091,24,34.01015228426395
Maryland,MD,24,335,134,FALSE,FALSE,469,FALSE,15.227272727272727,33.5,120
Tennessee,TN,47,356,95,FALSE,FALSE,451,FALSE,16.181818181818183,23.75,46.7696629213483
Massachusetts,MA,25,343,106,FALSE,FALSE,449,FALSE,15.590909090909092,26.5,69.97084548104955
Colorado,CO,08,293,150,FALSE,FALSE,443,FALSE,13.318181818181818,37.5,181.56996587030716
Wisconsin,WI,55,307,132,FALSE,FALSE,439,FALSE,13.954545454545455,33,136.48208469055376
Virginia,VA,51,325,107,FALSE,FALSE,432,FALSE,14.772727272727273,26.75,81.07692307692308
Indiana,IN,18,306,90,FALSE,FALSE,396,FALSE,13.909090909090908,22.5,61.76470588235295
Georgia,GA,13,267,100,FALSE,FALSE,367,FALSE,12.136363636363637,25,105.99250936329587
South Carolina,SC,45,263,97,FALSE,FALSE,360,FALSE,11.954545454545455,24.25,102.85171102661596
Missouri,MO,29,272,80,FALSE,FALSE,352,FALSE,12.363636363636363,20,61.76470588235294
Oregon,OR,41,230,99,FALSE,FALSE,329,FALSE,10.454545454545455,24.75,136.7391304347826
Arizona,AZ,04,215,83,FALSE,FALSE,298,FALSE,9.772727272727273,20.75,112.32558139534883
Kentucky,KY,21,204,77,FALSE,FALSE,281,FALSE,9.272727272727273,19.25,107.59803921568626
Iowa,IA,19,187,58,FALSE,FALSE,245,FALSE,8.5,14.5,70.58823529411765
Alabama,AL,01,201,43,FALSE,FALSE,244,FALSE,9.136363636363637,10.75,17.66169154228855
Connecticut,CT,09,197,47,FALSE,FALSE,244,FALSE,8.954545454545455,11.75,31.21827411167512
Oklahoma,OK,40,198,42,FALSE,FALSE,240,FALSE,9,10.5,16.666666666666668
Louisiana,LA,22,163,36,FALSE,FALSE,199,FALSE,7.409090909090909,9,21.47239263803681
Kansas,KS,20,133,49,FALSE,FALSE,182,FALSE,6.045454545454546,12.25,102.6315789473684
Nebraska,NE,31,124,49,FALSE,FALSE,173,FALSE,5.636363636363637,12.25,117.33870967741935
Mississippi,MS,28,131,41,FALSE,FALSE,172,FALSE,5.954545454545454,10.25,72.13740458015268
Arkansas,AR,05,131,37,FALSE,FALSE,168,FALSE,5.954545454545454,9.25,55.34351145038168
Nevada,NV,32,90,44,FALSE,FALSE,134,FALSE,4.090909090909091,11,168.88888888888889
Utah,UT,49,91,37,FALSE,FALSE,128,FALSE,4.136363636363637,9.25,123.6263736263736
West Virginia,WV,54,97,27,FALSE,FALSE,124,FALSE,4.409090909090909,6.75,53.092783505154635
Idaho,ID,16,88,35,FALSE,FALSE,123,FALSE,4,8.75,118.75
New Hampshire,NH,33,83,27,FALSE,FALSE,110,FALSE,3.772727272727273,6.75,78.9156626506024
New Mexico,NM,35,79,23,FALSE,FALSE,102,FALSE,3.590909090909091,5.75,60.12658227848101
Rhode Island,RI,44,73,15,FALSE,FALSE,88,FALSE,3.3181818181818183,3.75,13.01369863013698
Montana,MT,30,59,23,FALSE,FALSE,82,FALSE,2.6818181818181817,5.75,114.40677966101696
South Dakota,SD,46,59,18,FALSE,FALSE,77,FALSE,2.6818181818181817,4.5,67.79661016949154
Vermont,VT,50,56,18,FALSE,FALSE,74,FALSE,2.5454545454545454,4.5,76.78571428571429
District of Columbia,DC,11,46,10,FALSE,FALSE,56,FALSE,2.090909090909091,2.5,19.565217391304355
Hawaii,HI,15,45,11,FALSE,FALSE,56,FALSE,2.0454545454545454,2.75,34.44444444444444
Maine,ME,23,52,NA,FALSE,TRUE,52,TRUE,2.3636363636363638,NA,NA
Wyoming,WY,56,30,21,FALSE,FALSE,51,FALSE,1.3636363636363635,5.25,285.00000000000006
Delaware,DE,10,45,NA,FALSE,TRUE,45,TRUE,2.0454545454545454,NA,NA
North Dakota,ND,38,29,11,FALSE,FALSE,40,FALSE,1.3181818181818181,2.75,108.62068965517243
Alaska,AK,02,16,NA,FALSE,TRUE,16,TRUE,0.7272727272727273,NA,NA
