file,stratifier,group,first_year,last_year,n_years,total_deaths,mean_rate,sd_rate,min_rate,max_rate,n_unreliable_years,pct_of_stratifier_deaths
AGE,Age group,35-54 yrs,1999,2024,26,1603,0.05576923076923077,0.016290629680421054,0.05,0.1,0,8.491815436774912
AGE,Age group,55-74 yrs,1999,2024,26,8052,0.5188461538461538,0.07173991486345231,0.42,0.66,0,42.65508290512263
AGE,Age group,75+ yrs,1999,2024,26,9222,1.7426923076923078,0.3746524543339621,1.35,2.63,0,48.85310165810245
CENSUS_REGION,Census region,Census Region 1: Northeast,1999,2024,26,3523,0.3026923076923077,0.046866422292100966,0.21,0.41,0,18.43923374856066
CENSUS_REGION,Census region,Census Region 2: Midwest,1999,2024,26,4565,0.3396153846153846,0.07691453798760124,0.26,0.56,0,23.893017900136083
CENSUS_REGION,Census region,Census Region 3: South,1999,2024,26,6653,0.295,0.05093132631298737,0.22,0.43,0,34.82152203496284
CENSUS_REGION,Census region,Census Region 4: West,1999,2024,26,4365,0.3292307692307692,0.06430695619748003,0.25,0.5,0,22.846226316340417
OVERALL,Overall,Overall,1999,2024,26,19106,0.3096153846153846,0.04975787529473253,0.26,0.44,0,100
RACE,Race/ethnicity,Asian,2018,2024,7,98,0.11333333333333334,0.024221202832779933,0.07,0.13,5,0.4936779003576646
RACE,Race/ethnicity,Black or African American,1999,2024,26,2363,0.3992307692307692,0.07364363255152896,0.26,0.54,0,11.9036824341343
RACE,Race/ethnicity,Hispanic or Latino,1999,2024,26,1001,0.19458333333333333,0.05602632662741971,0.11,0.32,2,5.04256712508186
RACE,Race/ethnicity,White,1999,2024,26,16389,0.3157692307692308,0.059341255593260034,0.26,0.48,0,82.56007254042618
SEX,Sex,Female,1999,2024,26,8556,0.25038461538461537,0.038727847265839006,0.21,0.35,0,44.781743954778605
SEX,Sex,Male,1999,2024,26,10550,0.39615384615384613,0.07658077686087668,0.31,0.61,0,55.218256045221395
URBANIZATION,Urbanization,Metro,1999,2020,22,11788,0.2890909090909091,0.024477217961488162,0.25,0.37,0,81.64000277027495
URBANIZATION,Urbanization,Non Metro,1999,2020,22,2651,0.3181818181818182,0.047372522037103355,0.25,0.47,0,18.35999722972505
