file,stratifier,group,year,deaths,rate,ci_lower,ci_upper,se,se_reported,se_source,se_suspect,se_log,se_ci,se_pois,se_ratio_ci,se_ratio_pois,se_z,se_robust_z,deaths_suppressed,rate_suppressed,rate_unreliable,identical_run_len,identical_run_flag
RACE,Race/ethnicity,White,1999,484,0.29,0.27,0.32,0.01,0.01,reported,FALSE,0.04334238744577436,0.012755336423116348,0.013181818181818182,0.7839855938160216,0.7586206896551725,NA,NA,FALSE,FALSE,FALSE,1,FALSE
RACE,Race/ethnicity,White,2000,482,0.3,0.27,0.32,0.01,0.01,reported,FALSE,0.04334238744577436,0.012755336423116348,0.013664625560228308,0.7839855938160216,0.7318166133366717,NA,NA,FALSE,FALSE,FALSE,1,FALSE
RACE,Race/ethnicity,White,2001,470,0.28,0.25,0.31,0.01,0.01,reported,FALSE,0.054876360309096664,0.015306403707739622,0.012915436912404392,0.6533213281800179,0.7742672638813857,NA,NA,FALSE,FALSE,FALSE,1,FALSE
RACE,Race/ethnicity,White,2002,530,0.31,0.28,0.33,0.01,0.01,reported,FALSE,0.04191481389129539,0.012755336423116348,0.013465539525655152,0.7839855938160216,0.7426364150465379,NA,NA,FALSE,FALSE,FALSE,1,FALSE
RACE,Race/ethnicity,White,2003,547,0.34,0.31,0.37,0.01,0.01,reported,FALSE,0.04513621412298519,0.015306403707739622,0.014537350243506435,0.6533213281800179,0.6878832684427353,NA,NA,FALSE,FALSE,FALSE,1,FALSE
RACE,Race/ethnicity,White,2004,475,0.27,0.24,0.29,0.01,0.01,reported,FALSE,0.04827690741545385,0.012755336423116348,0.012388449629010336,0.7839855938160216,0.8072035080630876,NA,NA,FALSE,FALSE,FALSE,1,FALSE
RACE,Race/ethnicity,White,2005,518,0.29,0.26,0.31,0.01,0.01,reported,FALSE,0.0448708924886037,0.012755336423116348,0.012741868479748656,0.7839855938160216,0.7848142535683479,NA,NA,FALSE,FALSE,FALSE,1,FALSE
RACE,Race/ethnicity,White,2006,527,0.29,0.27,0.32,0.01,0.01,reported,FALSE,0.04334238744577436,0.012755336423116348,0.01263259841420193,0.7839855938160216,0.7916027781551033,NA,NA,FALSE,FALSE,FALSE,1,FALSE
RACE,Race/ethnicity,White,2007,496,0.28,0.26,0.31,0.01,0.01,reported,FALSE,0.0448708924886037,0.012755336423116348,0.012572371141874246,0.7839855938160216,0.7953949089757173,NA,NA,FALSE,FALSE,FALSE,1,FALSE
RACE,Race/ethnicity,White,2008,492,0.27,0.24,0.29,0.01,0.01,reported,FALSE,0.04827690741545385,0.012755336423116348,0.012172540068010336,0.7839855938160216,0.8215212226969939,NA,NA,FALSE,FALSE,FALSE,1,FALSE
RACE,Race/ethnicity,White,2009,486,0.26,0.23,0.28,0.01,0.01,reported,FALSE,0.05018211961997264,0.012755336423116355,0.011793839502289377,0.7839855938160213,0.8479002955787923,NA,NA,FALSE,FALSE,FALSE,1,FALSE
RACE,Race/ethnicity,White,2010,522,0.28,0.25,0.3,0.01,0.01,reported,FALSE,0.046511455881864075,0.012755336423116348,0.01225526706690744,0.7839855938160216,0.81597568991399,NA,NA,FALSE,FALSE,FALSE,1,FALSE
RACE,Race/ethnicity,White,2011,548,0.28,0.26,0.31,0.01,0.01,reported,FALSE,0.0448708924886037,0.012755336423116348,0.011961007208034655,0.7839855938160216,0.8360499936228303,NA,NA,FALSE,FALSE,FALSE,1,FALSE
RACE,Race/ethnicity,White,2012,516,0.27,0.25,0.29,0.01,0.01,reported,FALSE,0.037862941944084495,0.010204269138493077,0.011886087235395922,0.9799819922700272,0.8413197549333739,NA,NA,FALSE,FALSE,FALSE,1,FALSE
RACE,Race/ethnicity,White,2013,570,0.28,0.26,0.31,0.01,0.01,reported,FALSE,0.0448708924886037,0.012755336423116348,0.011727909432167474,0.7839855938160216,0.852666884736666,NA,NA,FALSE,FALSE,FALSE,1,FALSE
RACE,Race/ethnicity,White,2014,626,0.31,0.29,0.34,0.01,0.01,reported,FALSE,0.040578473860838696,0.012755336423116364,0.012390091888150188,0.7839855938160207,0.8070965163352778,NA,NA,FALSE,FALSE,FALSE,1,FALSE
RACE,Race/ethnicity,White,2015,560,0.27,0.25,0.3,0.01,0.01,reported,FALSE,0.046511455881864075,0.012755336423116348,0.011409582438834975,0.7839855938160216,0.876456264162906,NA,NA,FALSE,FALSE,FALSE,1,FALSE
RACE,Race/ethnicity,White,2016,641,0.3,0.28,0.32,0.01,0.01,reported,FALSE,0.034064756719460444,0.010204269138493077,0.011849287583000464,0.9799819922700272,0.8439325934114775,NA,NA,FALSE,FALSE,FALSE,1,FALSE
RACE,Race/ethnicity,White,2017,674,0.3,0.28,0.33,0.01,0.01,reported,FALSE,0.04191481389129539,0.012755336423116348,0.011555568236570179,0.7839855938160216,0.8653836657164781,NA,NA,FALSE,FALSE,FALSE,1,FALSE
RACE,Race/ethnicity,White,2018,660,0.3,0.28,0.33,0.01,0.01,reported,FALSE,0.04191481389129539,0.012755336423116348,0.011677484162422844,0.7839855938160216,0.8563488385776753,NA,NA,FALSE,FALSE,FALSE,1,FALSE
RACE,Race/ethnicity,White,2019,702,0.31,0.28,0.33,0.01,0.01,reported,FALSE,0.04191481389129539,0.012755336423116348,0.011700196019494156,0.7839855938160216,0.854686535451082,NA,NA,FALSE,FALSE,FALSE,1,FALSE
RACE,Race/ethnicity,White,2020,907,0.39,0.36,0.41,0.01,0.01,reported,FALSE,0.033177428073689195,0.012755336423116348,0.012949737453332928,0.7839855938160216,0.7722164280192614,NA,NA,FALSE,FALSE,FALSE,1,FALSE
RACE,Race/ethnicity,White,2021,1024,0.48,0.45,0.51,0.01,0.01,reported,FALSE,0.031929959923059026,0.015306403707739622,0.015,0.6533213281800179,0.6666666666666667,NA,NA,FALSE,FALSE,FALSE,1,FALSE
RACE,Race/ethnicity,White,2022,1036,0.45,0.42,0.48,0.01,0.01,reported,FALSE,0.03406475671946047,0.015306403707739622,0.013980819735027001,0.6533213281800179,0.7152656417524925,NA,NA,FALSE,FALSE,FALSE,1,FALSE
RACE,Race/ethnicity,White,2023,936,0.4,0.37,0.43,0.01,0.01,reported,FALSE,0.038338001166027744,0.015306403707739622,0.013074409009212268,0.6533213281800179,0.7648529270389177,NA,NA,FALSE,FALSE,FALSE,1,FALSE
RACE,Race/ethnicity,White,2024,960,0.41,0.39,0.44,0.01,0.01,reported,FALSE,0.030773011325747036,0.012755336423116348,0.013232693099542007,0.7839855938160216,0.7557040675526667,NA,NA,FALSE,FALSE,FALSE,1,FALSE
RACE,Race/ethnicity,Black or African American,1999,59,0.37,0.28,0.48,0.05,0.05,reported,FALSE,0.137501633954558,0.05102134569246539,0.04816989706290483,0.9799819922700271,1.0379926686308931,0.9255502993589035,0.6744907594765952,FALSE,FALSE,FALSE,1,FALSE
RACE,Race/ethnicity,Black or African American,2000,64,0.39,0.3,0.5,0.05,0.05,reported,FALSE,0.13031505369366947,0.05102134569246541,0.04875,0.9799819922700269,1.0256410256410258,0.9255502993589035,0.6744907594765952,FALSE,FALSE,FALSE,1,FALSE
RACE,Race/ethnicity,Black or African American,2001,69,0.43,0.33,0.54,0.05,0.05,reported,FALSE,0.12563406495792423,0.05357241297708868,0.051765916826880753,0.9333161831143112,0.9658864956881483,0.9255502993589035,0.6744907594765952,FALSE,FALSE,FALSE,1,FALSE
RACE,Race/ethnicity,Black or African American,2002,57,0.36,0.27,0.47,0.05,0.05,reported,FALSE,0.14140839833743424,0.05102134569246539,0.04768316485434158,0.9799819922700271,1.0485881160098265,0.9255502993589035,0.6744907594765952,FALSE,FALSE,FALSE,1,FALSE
RACE,Race/ethnicity,Black or African American,2003,67,0.37,0.28,0.47,0.05,0.05,reported,FALSE,0.13213076761112033,0.04847027840784213,0.04520269441183293,1.0315599918631864,1.1061287529557366,0.9255502993589035,0.6744907594765952,FALSE,FALSE,FALSE,1,FALSE
RACE,Race/ethnicity,Black or African American,2004,68,0.39,0.3,0.5,0.05,0.05,reported,FALSE,0.13031505369366947,0.05102134569246541,0.04729444688208493,0.9799819922700269,1.057206570671195,0.9255502993589035,0.6744907594765952,FALSE,FALSE,FALSE,1,FALSE
RACE,Race/ethnicity,Black or African American,2005,66,0.36,0.28,0.46,0.05,0.05,reported,FALSE,0.12664438995556093,0.04591921112321887,0.04431293675255978,1.08886888030003,1.1283386673105502,0.9255502993589035,0.6744907594765952,FALSE,FALSE,FALSE,1,FALSE
RACE,Race/ethnicity,Black or African American,2006,81,0.45,0.35,0.56,0.05,0.05,reported,FALSE,0.11990108822230015,0.053572412977088694,0.05,0.933316183114311,1,0.9255502993589035,0.6744907594765952,FALSE,FALSE,FALSE,1,FALSE
RACE,Race/ethnicity,Black or African American,2007,64,0.35,0.27,0.45,0.05,0.05,reported,FALSE,0.13031505369366939,0.04591921112321887,0.04375,1.08886888030003,1.142857142857143,0.9255502993589035,0.6744907594765952,FALSE,FALSE,FALSE,1,FALSE
RACE,Race/ethnicity,Black or African American,2008,61,0.31,0.23,0.4,0.04,0.04,reported,FALSE,0.14117229769266654,0.0433681438385956,0.039691432779197754,0.922335992724731,1.0077741517298908,-0.793328828021918,-0.6744907594765942,FALSE,FALSE,FALSE,1,FALSE
RACE,Race/ethnicity,Black or African American,2009,79,0.39,0.3,0.49,0.05,0.05,reported,FALSE,0.12516120712381515,0.04847027840784214,0.043878428136114936,1.0315599918631861,1.1395121047840497,0.9255502993589035,0.6744907594765952,FALSE,FALSE,FALSE,1,FALSE
RACE,Race/ethnicity,Black or African American,2010,83,0.39,0.31,0.49,0.05,0.05,reported,FALSE,0.11679630269658256,0.04591921112321887,0.04280806139597924,1.08886888030003,1.1680043050184998,0.9255502993589035,0.6744907594765952,FALSE,FALSE,FALSE,2,FALSE
RACE,Race/ethnicity,Black or African American,2011,83,0.4,0.32,0.5,0.05,0.05,reported,FALSE,0.11385084270646689,0.04591921112321887,0.04390570399587614,1.08886888030003,1.1388041973930374,0.9255502993589035,0.6744907594765952,FALSE,FALSE,FALSE,2,FALSE
RACE,Race/ethnicity,Black or African American,2012,76,0.33,0.26,0.42,0.04,0.04,reported,FALSE,0.12234231956421077,0.04081707655397232,0.03785359608864269,0.9799819922700269,1.0567027741916786,-0.793328828021918,-0.6744907594765942,FALSE,FALSE,FALSE,1,FALSE
RACE,Race/ethnicity,Black or African American,2013,92,0.42,0.33,0.52,0.05,0.05,reported,FALSE,0.11600625335512492,0.04847027840784214,0.0437880269519857,1.0315599918631861,1.1418646484077906,0.9255502993589035,0.6744907594765952,FALSE,FALSE,FALSE,1,FALSE
RACE,Race/ethnicity,Black or African American,2014,64,0.26,0.2,0.34,0.03,0.03,reported,FALSE,0.13536683715815662,0.03571494198472579,0.0325,0.8399845648028801,0.923076923076923,-2.5122079554027392,-2.0234722784297836,FALSE,FALSE,FALSE,1,FALSE
RACE,Race/ethnicity,Black or African American,2015,72,0.29,0.22,0.37,0.04,0.04,reported,FALSE,0.13262372762627783,0.038266009269349054,0.0341768277573498,1.0453141250880287,1.1703836378260095,-0.793328828021918,-0.6744907594765942,FALSE,FALSE,FALSE,1,FALSE
RACE,Race/ethnicity,Black or African American,2016,91,0.35,0.28,0.44,0.04,0.04,reported,FALSE,0.11530444623173135,0.04081707655397232,0.03668996928526714,0.9799819922700269,1.0902162301907952,-0.793328828021918,-0.6744907594765942,FALSE,FALSE,FALSE,1,FALSE
RACE,Race/ethnicity,Black or African American,2017,95,0.37,0.3,0.46,0.04,0.04,reported,FALSE,0.10904384422330303,0.040817076553972334,0.037961199027150706,0.9799819922700266,1.0537074967361042,-0.793328828021918,-0.6744907594765942,FALSE,FALSE,FALSE,1,FALSE
RACE,Race/ethnicity,Black or African American,2018,104,0.41,0.33,0.49,0.04,0.04,reported,FALSE,0.10084693896477764,0.04081707655397232,0.040203807703327724,0.9799819922700269,0.9949306367985923,-0.793328828021918,-0.6744907594765942,FALSE,FALSE,FALSE,2,FALSE
RACE,Race/ethnicity,Black or African American,2019,104,0.38,0.31,0.46,0.04,0.04,reported,FALSE,0.10067893979607044,0.03826600926934906,0.037262065676254966,1.0453141250880285,1.0734777923353231,-0.793328828021918,-0.6744907594765942,FALSE,FALSE,FALSE,2,FALSE
RACE,Race/ethnicity,Black or African American,2020,146,0.52,0.43,0.6,0.04,0.04,reported,FALSE,0.08498738985928804,0.043368143838595594,0.04303550620732313,0.9223359927247312,0.9294650748918902,-0.793328828021918,-0.6744907594765942,FALSE,FALSE,FALSE,1,FALSE
RACE,Race/ethnicity,Black or African American,2021,142,0.5,0.41,0.59,0.04,0.04,reported,FALSE,0.09285001665140896,0.04591921112321887,0.041959067914834454,0.8710951042400238,0.9533100230250389,-0.793328828021918,-0.6744907594765942,FALSE,FALSE,FALSE,1,FALSE
RACE,Race/ethnicity,Black or African American,2022,155,0.52,0.43,0.61,0.04,0.04,reported,FALSE,0.08920412600382734,0.04591921112321887,0.04176740510292994,0.8710951042400238,0.9576845844606717,-0.793328828021918,-0.6744907594765942,FALSE,FALSE,FALSE,1,FALSE
RACE,Race/ethnicity,Black or African American,2023,157,0.53,0.45,0.62,0.04,0.04,reported,FALSE,0.08175453676766853,0.043368143838595594,0.042298604876783975,0.9223359927247312,0.9456576668786164,-0.793328828021918,-0.6744907594765942,FALSE,FALSE,FALSE,1,FALSE
RACE,Race/ethnicity,Black or African American,2024,164,0.54,0.45,0.63,0.04,0.04,reported,FALSE,0.08583633150283962,0.04591921112321887,0.04216691570992364,0.8710951042400238,0.9486109981381998,-0.793328828021918,-0.6744907594765942,FALSE,FALSE,FALSE,1,FALSE
RACE,Race/ethnicity,Hispanic or Latino,1999,28,0.27,0.17,0.41,0.06,0.06,reported,FALSE,0.22458543360802777,0.06122561483095848,0.05102520385624568,0.9799819922700269,1.1758894715842625,2.5969098926447822,NA,FALSE,FALSE,FALSE,1,FALSE
RACE,Race/ethnicity,Hispanic or Latino,2000,24,0.23,0.15,0.36,0.05,0.05,reported,FALSE,0.22333796545739765,0.053572412977088674,0.04694855340334425,0.9333161831143114,1.0649955403405122,1.5419152487578398,NA,FALSE,FALSE,FALSE,1,FALSE
RACE,Race/ethnicity,Hispanic or Latino,2001,14,NA,0.07,0.21,0.04,0.04,reported,FALSE,0.28026338681063107,0.03571494198472578,NA,1.1199794197371737,NA,0.48692060487089694,NA,FALSE,TRUE,TRUE,1,FALSE
RACE,Race/ethnicity,Hispanic or Latino,2002,35,0.32,0.21,0.45,0.06,0.06,reported,FALSE,0.19442705530779147,0.061225614830958494,0.05408987230262506,0.9799819922700267,1.1092649593311779,2.5969098926447822,NA,FALSE,FALSE,FALSE,1,FALSE
RACE,Race/ethnicity,Hispanic or Latino,2003,20,0.15,0.09,0.24,0.04,0.04,reported,FALSE,0.2502161419159695,0.038266009269349054,0.03354101966249684,1.0453141250880287,1.192569587999888,0.48692060487089694,NA,FALSE,FALSE,FALSE,1,FALSE
RACE,Race/ethnicity,Hispanic or Latino,2004,24,0.15,0.09,0.24,0.04,0.04,reported,FALSE,0.2502161419159695,0.038266009269349054,0.03061862178478973,1.0453141250880287,1.3063945294843615,0.48692060487089694,NA,FALSE,FALSE,FALSE,2,FALSE
RACE,Race/ethnicity,Hispanic or Latino,2005,24,0.17,0.1,0.26,0.04,0.04,reported,FALSE,0.2437573987492599,0.04081707655397233,0.034701104689428365,0.9799819922700268,1.1527010554273778,0.48692060487089694,NA,FALSE,FALSE,FALSE,2,FALSE
RACE,Race/ethnicity,Hispanic or Latino,2006,13,NA,0.04,0.17,0.03,0.03,reported,FALSE,0.36911876808692357,0.033163874700102514,NA,0.9045987620954093,NA,-0.5680740390160459,NA,FALSE,TRUE,TRUE,1,FALSE
RACE,Race/ethnicity,Hispanic or Latino,2007,26,0.16,0.1,0.25,0.04,0.04,reported,FALSE,0.23375193092876695,0.038266009269349054,0.03137858162210945,1.0453141250880287,1.2747548783981961,0.48692060487089694,NA,FALSE,FALSE,FALSE,1,FALSE
RACE,Race/ethnicity,Hispanic or Latino,2008,24,0.11,0.07,0.18,0.03,0.03,reported,FALSE,0.2409385111896556,0.02806174013085597,0.02245365597551247,1.0690712642945748,1.3360853142453697,-0.5680740390160459,NA,FALSE,FALSE,FALSE,1,FALSE
RACE,Race/ethnicity,Hispanic or Latino,2009,30,0.18,0.12,0.27,0.04,0.04,reported,FALSE,0.20687375447019513,0.03826600926934906,0.03286335345030997,1.0453141250880285,1.2171612389003692,0.48692060487089694,NA,FALSE,FALSE,FALSE,1,FALSE
RACE,Race/ethnicity,Hispanic or Latino,2010,29,0.19,0.13,0.28,0.04,0.04,reported,FALSE,0.1957319519046468,0.03826600926934906,0.035282114253639855,1.0453141250880285,1.1337189067651587,0.48692060487089694,NA,FALSE,FALSE,FALSE,1,FALSE
RACE,Race/ethnicity,Hispanic or Latino,2011,31,0.17,0.11,0.25,0.03,0.03,reported,FALSE,0.2094376627697295,0.03571494198472579,0.03053290134455174,0.8399845648028801,0.9825466522641213,-0.5680740390160459,NA,FALSE,FALSE,FALSE,1,FALSE
RACE,Race/ethnicity,Hispanic or Latino,2012,28,0.14,0.09,0.21,0.03,0.03,reported,FALSE,0.21615138519650912,0.030612807415479244,0.026457513110645908,0.9799819922700268,1.1338934190276815,-0.5680740390160459,NA,FALSE,FALSE,FALSE,1,FALSE
RACE,Race/ethnicity,Hispanic or Latino,2013,27,0.12,0.07,0.19,0.03,0.03,reported,FALSE,0.2547314231249644,0.030612807415479244,0.02309401076758503,0.9799819922700268,1.299038105676658,-0.5680740390160459,NA,FALSE,FALSE,FALSE,1,FALSE
RACE,Race/ethnicity,Hispanic or Latino,2014,32,0.16,0.11,0.23,0.03,0.03,reported,FALSE,0.18816645329936305,0.030612807415479247,0.028284271247461898,0.9799819922700267,1.0606601717798214,-0.5680740390160459,NA,FALSE,FALSE,FALSE,1,FALSE
RACE,Race/ethnicity,Hispanic or Latino,2015,46,0.19,0.14,0.26,0.03,0.03,reported,FALSE,0.15792106724642033,0.030612807415479244,0.028013971669430454,0.9799819922700268,1.0708942078618844,-0.5680740390160459,NA,FALSE,FALSE,FALSE,1,FALSE
RACE,Race/ethnicity,Hispanic or Latino,2016,42,0.18,0.12,0.25,0.03,0.03,reported,FALSE,0.18724047504690286,0.033163874700102514,0.027774602993176543,0.9045987620954093,1.0801234497346432,-0.5680740390160459,NA,FALSE,FALSE,FALSE,1,FALSE
RACE,Race/ethnicity,Hispanic or Latino,2017,49,0.18,0.13,0.24,0.03,0.03,reported,FALSE,0.15640707628367123,0.02806174013085597,0.025714285714285714,1.0690712642945748,1.1666666666666667,-0.5680740390160459,NA,FALSE,FALSE,FALSE,1,FALSE
RACE,Race/ethnicity,Hispanic or Latino,2018,45,0.18,0.12,0.24,0.03,0.03,reported,FALSE,0.1768265095755335,0.030612807415479244,0.026832815729997475,0.9799819922700268,1.118033988749895,-0.5680740390160459,NA,FALSE,FALSE,FALSE,1,FALSE
RACE,Race/ethnicity,Hispanic or Latino,2019,44,0.15,0.1,0.2,0.02,0.02,reported,FALSE,0.1768265095755335,0.025510672846232704,0.02261335084333227,0.7839855938160215,0.8844332774281067,-1.6230686829029886,NA,FALSE,FALSE,FALSE,1,FALSE
RACE,Race/ethnicity,Hispanic or Latino,2020,66,0.23,0.17,0.3,0.03,0.03,reported,FALSE,0.14489654965247445,0.03316387470010251,0.028311042925246527,0.9045987620954096,1.059657183213386,-0.5680740390160459,NA,FALSE,FALSE,FALSE,1,FALSE
RACE,Race/ethnicity,Hispanic or Latino,2021,78,0.29,0.22,0.36,0.03,0.03,reported,FALSE,0.1256340649579242,0.03571494198472578,0.03283603399019327,0.8399845648028802,0.9136304344477085,-0.5680740390160459,NA,FALSE,FALSE,FALSE,1,FALSE
RACE,Race/ethnicity,Hispanic or Latino,2022,82,0.3,0.24,0.37,0.03,0.03,reported,FALSE,0.1104265399034512,0.033163874700102514,0.03312945782245396,0.9045987620954093,0.9055385138137417,-0.5680740390160459,NA,FALSE,FALSE,FALSE,1,FALSE
RACE,Race/ethnicity,Hispanic or Latino,2023,65,0.22,0.17,0.28,0.03,0.03,reported,FALSE,0.12729600392021656,0.028061740130855977,0.02728764160962586,1.0690712642945746,1.099398783858893,-0.5680740390160459,NA,FALSE,FALSE,FALSE,1,FALSE
RACE,Race/ethnicity,Hispanic or Latino,2024,75,0.23,0.17,0.29,0.03,0.03,reported,FALSE,0.13624803571469488,0.030612807415479237,0.026558112382722782,0.979981992270027,1.1295983527623115,-0.5680740390160459,NA,FALSE,FALSE,FALSE,1,FALSE
RACE,Race/ethnicity,Asian,2018,NA,NA,NA,NA,NA,NA,reported,FALSE,NA,NA,NA,NA,NA,NA,NA,TRUE,TRUE,TRUE,1,FALSE
RACE,Race/ethnicity,Asian,2019,18,0.13,0.08,0.22,0.03,0.03,reported,FALSE,0.2580661990878045,0.03571494198472579,0.030641293851417062,0.8399845648028801,0.979070927796758,0.40824829046386313,NA,FALSE,FALSE,TRUE,1,FALSE
RACE,Race/ethnicity,Asian,2020,15,0.12,0.07,0.2,0.03,0.03,reported,FALSE,0.2678166876482274,0.033163874700102514,0.03098386676965933,0.9045987620954093,0.9682458365518543,0.40824829046386313,NA,FALSE,FALSE,TRUE,1,FALSE
RACE,Race/ethnicity,Asian,2021,14,0.1,0.05,0.17,0.03,0.03,reported,FALSE,0.31219334673369015,0.030612807415479247,0.02672612419124244,0.9799819922700267,1.1224972160321824,0.40824829046386313,NA,FALSE,FALSE,TRUE,1,FALSE
RACE,Race/ethnicity,Asian,2022,20,0.13,0.07,0.21,0.03,0.03,reported,FALSE,0.28026338681063107,0.03571494198472578,0.029068883707497266,0.8399845648028802,1.0320313742306721,0.40824829046386313,NA,FALSE,FALSE,FALSE,2,FALSE
RACE,Race/ethnicity,Asian,2023,20,0.13,0.08,0.21,0.03,0.03,reported,FALSE,0.24619863009117068,0.033163874700102514,0.029068883707497266,0.9045987620954093,1.0320313742306721,0.40824829046386313,NA,FALSE,FALSE,FALSE,2,FALSE
RACE,Race/ethnicity,Asian,2024,11,0.07,0.04,0.13,0.02,0.02,reported,FALSE,0.30068282010249336,0.022959605561609434,0.021105794120443454,0.8710951042400238,0.9476070829586857,-2.0412414523193148,NA,FALSE,FALSE,TRUE,1,FALSE
SEX,Sex,Female,1999,257,0.24,0.21,0.27,0.02,0.02,reported,FALSE,0.06411200161412207,0.015306403707739629,0.014970788677243326,1.3066426563600353,1.33593496182345,1.6155154316471603,NA,FALSE,FALSE,FALSE,1,FALSE
SEX,Sex,Female,2000,277,0.27,0.24,0.3,0.02,0.02,reported,FALSE,0.05692542135323343,0.015306403707739622,0.01622272773940496,1.3066426563600357,1.2328382945994991,1.6155154316471603,NA,FALSE,FALSE,FALSE,1,FALSE
SEX,Sex,Female,2001,250,0.21,0.18,0.24,0.01,0.01,reported,FALSE,0.07338963234043594,0.015306403707739622,0.013281566172707192,0.6533213281800179,0.7529232524210427,-0.5951898958700063,NA,FALSE,FALSE,FALSE,1,FALSE
SEX,Sex,Female,2002,287,0.26,0.23,0.29,0.02,0.02,reported,FALSE,0.05913415141445095,0.015306403707739615,0.015347314738624837,1.3066426563600364,1.3031595650844165,1.6155154316471603,NA,FALSE,FALSE,FALSE,1,FALSE
SEX,Sex,Female,2003,290,0.26,0.23,0.29,0.02,0.02,reported,FALSE,0.05913415141445095,0.015306403707739615,0.01526772570738229,1.3066426563600364,1.309952797378954,1.6155154316471603,NA,FALSE,FALSE,FALSE,1,FALSE
SEX,Sex,Female,2004,260,0.24,0.21,0.27,0.02,0.02,reported,FALSE,0.06411200161412207,0.015306403707739629,0.014884168150705016,1.3066426563600353,1.3437096247164249,1.6155154316471603,NA,FALSE,FALSE,FALSE,1,FALSE
SEX,Sex,Female,2005,275,0.24,0.21,0.26,0.01,0.01,reported,FALSE,0.05448419001132277,0.012755336423116355,0.014472544539732651,0.7839855938160213,0.6909634979907084,-0.5951898958700063,NA,FALSE,FALSE,FALSE,2,FALSE
SEX,Sex,Female,2006,275,0.24,0.21,0.26,0.01,0.01,reported,FALSE,0.05448419001132277,0.012755336423116355,0.014472544539732651,0.7839855938160213,0.6909634979907084,-0.5951898958700063,NA,FALSE,FALSE,FALSE,2,FALSE
SEX,Sex,Female,2007,263,0.22,0.2,0.25,0.01,0.01,reported,FALSE,0.05692542135323343,0.012755336423116348,0.013565781151520562,0.7839855938160216,0.7371488518284934,-0.5951898958700063,NA,FALSE,FALSE,FALSE,1,FALSE
SEX,Sex,Female,2008,248,0.21,0.18,0.24,0.01,0.01,reported,FALSE,0.07338963234043594,0.015306403707739622,0.013335013335020001,0.6533213281800179,0.7499055118106488,-0.5951898958700063,NA,FALSE,FALSE,FALSE,1,FALSE
SEX,Sex,Female,2009,280,0.22,0.2,0.25,0.01,0.01,reported,FALSE,0.05692542135323343,0.012755336423116348,0.01314751470267833,0.7839855938160216,0.7606000241218869,-0.5951898958700063,NA,FALSE,FALSE,FALSE,1,FALSE
SEX,Sex,Female,2010,308,0.24,0.21,0.27,0.01,0.01,reported,FALSE,0.06411200161412207,0.015306403707739629,0.013675269175156553,0.6533213281800176,0.731247032282677,-0.5951898958700063,NA,FALSE,FALSE,FALSE,1,FALSE
SEX,Sex,Female,2011,302,0.24,0.21,0.27,0.01,0.01,reported,FALSE,0.06411200161412207,0.015306403707739629,0.013810448103562464,0.6533213281800176,0.7240894665409486,-0.5951898958700063,NA,FALSE,FALSE,FALSE,1,FALSE
SEX,Sex,Female,2012,286,0.23,0.2,0.26,0.01,0.01,reported,FALSE,0.0669308891737264,0.015306403707739622,0.0136001851077489,0.6533213281800179,0.7352841097951202,-0.5951898958700063,NA,FALSE,FALSE,FALSE,1,FALSE
SEX,Sex,Female,2013,303,0.24,0.21,0.27,0.01,0.01,reported,FALSE,0.06411200161412207,0.015306403707739629,0.013787639750914224,0.6533213281800176,0.7252872993970505,-0.5951898958700063,NA,FALSE,FALSE,FALSE,1,FALSE
SEX,Sex,Female,2014,283,0.22,0.19,0.24,0.01,0.01,reported,FALSE,0.059596720405127146,0.012755336423116348,0.013077642562110808,0.7839855938160216,0.7646638109663965,-0.5951898958700063,NA,FALSE,FALSE,FALSE,1,FALSE
SEX,Sex,Female,2015,273,0.21,0.18,0.23,0.01,0.01,reported,FALSE,0.06253238834143884,0.012755336423116355,0.012709778186044851,0.7839855938160213,0.7867957924694431,-0.5951898958700063,NA,FALSE,FALSE,FALSE,1,FALSE
SEX,Sex,Female,2016,329,0.23,0.2,0.26,0.01,0.01,reported,FALSE,0.0669308891737264,0.015306403707739622,0.01268031046765934,0.6533213281800179,0.7886242237920458,-0.5951898958700063,NA,FALSE,FALSE,FALSE,1,FALSE
SEX,Sex,Female,2017,348,0.23,0.21,0.26,0.01,0.01,reported,FALSE,0.05448419001132277,0.012755336423116355,0.01232929415063464,0.7839855938160213,0.8110764393990275,-0.5951898958700063,NA,FALSE,FALSE,FALSE,1,FALSE
SEX,Sex,Female,2018,350,0.23,0.21,0.26,0.01,0.01,reported,FALSE,0.05448419001132277,0.012755336423116355,0.012294017127971521,0.7839855938160213,0.8134037797334656,-0.5951898958700063,NA,FALSE,FALSE,FALSE,1,FALSE
SEX,Sex,Female,2019,352,0.23,0.2,0.25,0.01,0.01,reported,FALSE,0.05692542135323343,0.012755336423116348,0.0122590411904476,0.7839855938160216,0.8157244799692921,-0.5951898958700063,NA,FALSE,FALSE,FALSE,1,FALSE
SEX,Sex,Female,2020,508,0.34,0.31,0.37,0.02,0.02,reported,FALSE,0.04513621412298519,0.015306403707739622,0.015085060660073936,1.3066426563600357,1.3258150199511345,1.6155154316471603,NA,FALSE,FALSE,FALSE,1,FALSE
SEX,Sex,Female,2021,484,0.35,0.32,0.38,0.02,0.02,reported,FALSE,0.04384015682997039,0.015306403707739622,0.015909090909090907,1.3066426563600357,1.2571428571428573,1.6155154316471603,NA,FALSE,FALSE,FALSE,1,FALSE
SEX,Sex,Female,2022,487,0.31,0.29,0.34,0.01,0.01,reported,FALSE,0.040578473860838696,0.012755336423116364,0.014047440887312758,0.7839855938160207,0.7118734351843197,-0.5951898958700063,NA,FALSE,FALSE,FALSE,1,FALSE
SEX,Sex,Female,2023,474,0.3,0.27,0.33,0.01,0.01,reported,FALSE,0.05119244461760931,0.015306403707739622,0.01377945636523876,0.6533213281800179,0.725718035235908,-0.5951898958700063,NA,FALSE,FALSE,FALSE,1,FALSE
SEX,Sex,Female,2024,507,0.3,0.28,0.33,0.01,0.01,reported,FALSE,0.04191481389129539,0.012755336423116348,0.013323467750529826,0.7839855938160216,0.7505553499465135,-0.5951898958700063,NA,FALSE,FALSE,FALSE,1,FALSE
SEX,Sex,Male,1999,294,0.38,0.33,0.42,0.02,0.02,reported,FALSE,0.06152206334380215,0.022959605561609427,0.022162050053752564,0.8710951042400241,0.902443589446434,NA,NA,FALSE,FALSE,FALSE,1,FALSE
SEX,Sex,Male,2000,272,0.39,0.34,0.44,0.02,0.02,reported,FALSE,0.06577394057641435,0.025510672846232697,0.023647223441042465,0.7839855938160216,0.845765256536956,NA,NA,FALSE,FALSE,FALSE,1,FALSE
SEX,Sex,Male,2001,298,0.36,0.32,0.4,0.02,0.02,reported,FALSE,0.05692542135323347,0.020408538276986167,0.02085424006908572,0.9799819922700266,0.9590375834240039,NA,NA,FALSE,FALSE,FALSE,1,FALSE
SEX,Sex,Male,2002,308,0.39,0.34,0.43,0.02,0.02,reported,FALSE,0.05990915979318641,0.022959605561609427,0.0222223124096294,0.8710951042400241,0.899996347424833,NA,NA,FALSE,FALSE,FALSE,1,FALSE
SEX,Sex,Male,2003,334,0.43,0.38,0.47,0.02,0.02,reported,FALSE,0.05422585406168949,0.022959605561609427,0.023528553172077058,0.8710951042400241,0.8500310177905612,NA,NA,FALSE,FALSE,FALSE,1,FALSE
SEX,Sex,Male,2004,294,0.37,0.32,0.41,0.02,0.02,reported,FALSE,0.06322467296835077,0.022959605561609427,0.021578838210232758,0.8710951042400241,0.9268339567287702,NA,NA,FALSE,FALSE,FALSE,1,FALSE
SEX,Sex,Male,2005,319,0.37,0.33,0.42,0.02,0.02,reported,FALSE,0.06152206334380215,0.022959605561609427,0.02071602290536661,0.8710951042400241,0.9654362756482028,NA,NA,FALSE,FALSE,FALSE,1,FALSE
SEX,Sex,Male,2006,338,0.38,0.34,0.42,0.02,0.02,reported,FALSE,0.05390637157978054,0.020408538276986153,0.020669275142376004,0.9799819922700272,0.9676198058342229,NA,NA,FALSE,FALSE,FALSE,1,FALSE
SEX,Sex,Male,2007,305,0.32,0.28,0.36,0.02,0.02,reported,FALSE,0.06411200161412202,0.020408538276986153,0.018323146698043784,0.9799819922700272,1.0915155747858112,NA,NA,FALSE,FALSE,FALSE,1,FALSE
SEX,Sex,Male,2008,317,0.35,0.31,0.39,0.02,0.02,reported,FALSE,0.05856598474649384,0.020408538276986167,0.019657958470560562,0.9799819922700266,1.017399646557992,NA,NA,FALSE,FALSE,FALSE,1,FALSE
SEX,Sex,Male,2009,301,0.31,0.27,0.34,0.02,0.02,reported,FALSE,0.05880813638163092,0.017857470992362894,0.017868102948831285,1.1199794197371735,1.1193130047030626,NA,NA,FALSE,FALSE,FALSE,1,FALSE
SEX,Sex,Male,2010,310,0.31,0.27,0.35,0.02,0.02,reported,FALSE,0.0662030520795473,0.020408538276986153,0.01760681686165901,0.9799819922700272,1.1359236684941296,NA,NA,FALSE,FALSE,FALSE,1,FALSE
SEX,Sex,Male,2011,342,0.36,0.32,0.4,0.02,0.02,reported,FALSE,0.05692542135323347,0.020408538276986167,0.019466570535691504,0.9799819922700266,1.0274023338281628,NA,NA,FALSE,FALSE,FALSE,1,FALSE
SEX,Sex,Male,2012,317,0.32,0.28,0.36,0.02,0.02,reported,FALSE,0.06411200161412202,0.020408538276986153,0.017972990601655373,0.9799819922700272,1.1127808634228036,NA,NA,FALSE,FALSE,FALSE,1,FALSE
SEX,Sex,Male,2013,372,0.36,0.32,0.4,0.02,0.02,reported,FALSE,0.05692542135323347,0.020408538276986167,0.018665130505147655,0.9799819922700266,1.0715167512214394,NA,NA,FALSE,FALSE,FALSE,1,FALSE
SEX,Sex,Male,2014,422,0.41,0.37,0.44,0.02,0.02,reported,FALSE,0.04420278194925569,0.017857470992362894,0.019958487723960652,1.1199794197371735,1.0020799309353239,NA,NA,FALSE,FALSE,FALSE,1,FALSE
SEX,Sex,Male,2015,372,0.34,0.31,0.38,0.02,0.02,reported,FALSE,0.05193946338994036,0.017857470992362894,0.01762817881041723,1.1199794197371735,1.1345471483521123,NA,NA,FALSE,FALSE,FALSE,1,FALSE
SEX,Sex,Male,2016,416,0.37,0.33,0.41,0.02,0.02,reported,FALSE,0.05537461579651583,0.020408538276986153,0.018140742500282026,0.9799819922700272,1.102490705641683,NA,NA,FALSE,FALSE,FALSE,1,FALSE
SEX,Sex,Male,2017,436,0.38,0.34,0.42,0.02,0.02,reported,FALSE,0.05390637157978054,0.020408538276986153,0.018198699419201877,0.9799819922700272,1.0989796325169001,NA,NA,FALSE,FALSE,FALSE,1,FALSE
SEX,Sex,Male,2018,425,0.35,0.32,0.39,0.02,0.02,reported,FALSE,0.050466678186523874,0.017857470992362894,0.016977493752543305,1.1199794197371735,1.1780301787479033,NA,NA,FALSE,FALSE,FALSE,1,FALSE
SEX,Sex,Male,2019,477,0.39,0.35,0.42,0.02,0.02,reported,FALSE,0.04651145588186416,0.017857470992362894,0.017856873313329573,1.1199794197371735,1.1200169060431566,NA,NA,FALSE,FALSE,FALSE,1,FALSE
SEX,Sex,Male,2020,566,0.48,0.43,0.52,0.02,0.02,reported,FALSE,0.0484814017979169,0.02295960556160944,0.02017590488204153,0.8710951042400236,0.99128143778086,NA,NA,FALSE,FALSE,FALSE,1,FALSE
SEX,Sex,Male,2021,699,0.57,0.53,0.62,0.02,0.02,reported,FALSE,0.04001156978651729,0.022959605561609427,0.02155938002245866,0.8710951042400241,0.9276704608001606,NA,NA,FALSE,FALSE,FALSE,1,FALSE
SEX,Sex,Male,2022,736,0.61,0.56,0.65,0.02,0.02,reported,FALSE,0.038019979024120215,0.022959605561609427,0.022484898313621812,0.8710951042400241,0.8894858994262648,NA,NA,FALSE,FALSE,FALSE,1,FALSE
SEX,Sex,Male,2023,648,0.5,0.46,0.54,0.02,0.02,reported,FALSE,0.0409044888936587,0.020408538276986167,0.019641855032959652,0.9799819922700266,1.0182337649086286,NA,NA,FALSE,FALSE,FALSE,1,FALSE
SEX,Sex,Male,2024,632,0.5,0.46,0.54,0.02,0.02,reported,FALSE,0.0409044888936587,0.020408538276986167,0.01988893210439325,0.9799819922700266,1.0055844071981228,NA,NA,FALSE,FALSE,FALSE,1,FALSE
AGE,Age group,35-54 yrs,1999,60,0.05,0.03,0.06,0.01,0.01,reported,FALSE,0.17682650957553356,0.007653201853869811,0.006454972243679028,1.3066426563600357,1.5491933384829668,NA,NA,FALSE,FALSE,FALSE,1,FALSE
AGE,Age group,35-54 yrs,2000,76,0.1,0.08,0.13,0.01,0.01,reported,FALSE,0.12385631052695989,0.012755336423116352,0.011470786693528088,0.7839855938160215,0.8717797887081348,NA,NA,FALSE,FALSE,FALSE,1,FALSE
AGE,Age group,35-54 yrs,2001,55,0.05,0.03,0.06,0.01,0.01,reported,FALSE,0.17682650957553356,0.007653201853869811,0.006741998624632421,1.3066426563600357,1.4832396974191326,NA,NA,FALSE,FALSE,FALSE,1,FALSE
AGE,Age group,35-54 yrs,2002,59,0.05,0.03,0.06,0.01,0.01,reported,FALSE,0.17682650957553356,0.007653201853869811,0.0065094455490411944,1.3066426563600357,1.5362291495737215,NA,NA,FALSE,FALSE,FALSE,1,FALSE
AGE,Age group,35-54 yrs,2003,76,0.1,0.08,0.13,0.01,0.01,reported,FALSE,0.12385631052695989,0.012755336423116352,0.011470786693528088,0.7839855938160215,0.8717797887081348,NA,NA,FALSE,FALSE,FALSE,1,FALSE
AGE,Age group,35-54 yrs,2004,69,0.05,0.03,0.06,0.01,0.01,reported,FALSE,0.17682650957553356,0.007653201853869811,0.00601929265428846,1.3066426563600357,1.6613247725836149,NA,NA,FALSE,FALSE,FALSE,2,FALSE
AGE,Age group,35-54 yrs,2005,69,0.05,0.03,0.06,0.01,0.01,reported,FALSE,0.17682650957553356,0.007653201853869811,0.00601929265428846,1.3066426563600357,1.6613247725836149,NA,NA,FALSE,FALSE,FALSE,2,FALSE
AGE,Age group,35-54 yrs,2006,55,0.05,0.03,0.06,0.01,0.01,reported,FALSE,0.17682650957553356,0.007653201853869811,0.006741998624632421,1.3066426563600357,1.4832396974191326,NA,NA,FALSE,FALSE,FALSE,1,FALSE
AGE,Age group,35-54 yrs,2007,60,0.05,0.03,0.06,0.01,0.01,reported,FALSE,0.17682650957553356,0.007653201853869811,0.006454972243679028,1.3066426563600357,1.5491933384829668,NA,NA,FALSE,FALSE,FALSE,1,FALSE
AGE,Age group,35-54 yrs,2008,50,0.05,0.03,0.06,0.01,0.01,reported,FALSE,0.17682650957553356,0.007653201853869811,0.007071067811865475,1.3066426563600357,1.4142135623730951,NA,NA,FALSE,FALSE,FALSE,1,FALSE
AGE,Age group,35-54 yrs,2009,67,0.05,0.03,0.06,0.01,0.01,reported,FALSE,0.17682650957553356,0.007653201853869811,0.006108472217815261,1.3066426563600357,1.6370705543744901,NA,NA,FALSE,FALSE,FALSE,1,FALSE
AGE,Age group,35-54 yrs,2010,66,0.05,0.03,0.06,0.01,0.01,reported,FALSE,0.17682650957553356,0.007653201853869811,0.006154574548966636,1.3066426563600357,1.624807680927192,NA,NA,FALSE,FALSE,FALSE,1,FALSE
AGE,Age group,35-54 yrs,2011,63,0.05,0.03,0.06,0.01,0.01,reported,FALSE,0.17682650957553356,0.007653201853869811,0.00629940788348712,1.3066426563600357,1.5874507866387544,NA,NA,FALSE,FALSE,FALSE,1,FALSE
AGE,Age group,35-54 yrs,2012,45,0.05,0.03,0.06,0.01,0.01,reported,FALSE,0.17682650957553356,0.007653201853869811,0.007453559924999299,1.3066426563600357,1.3416407864998738,NA,NA,FALSE,FALSE,FALSE,1,FALSE
AGE,Age group,35-54 yrs,2013,51,0.05,0.03,0.06,0.01,0.01,reported,FALSE,0.17682650957553356,0.007653201853869811,0.007001400420140049,1.3066426563600357,1.42828568570857,NA,NA,FALSE,FALSE,FALSE,1,FALSE
AGE,Age group,35-54 yrs,2014,54,0.05,0.03,0.06,0.01,0.01,reported,FALSE,0.17682650957553356,0.007653201853869811,0.006804138174397717,1.3066426563600357,1.469693845669907,NA,NA,FALSE,FALSE,FALSE,1,FALSE
AGE,Age group,35-54 yrs,2015,60,0.05,0.03,0.06,0.01,0.01,reported,FALSE,0.17682650957553356,0.007653201853869811,0.006454972243679028,1.3066426563600357,1.5491933384829668,NA,NA,FALSE,FALSE,FALSE,1,FALSE
AGE,Age group,35-54 yrs,2016,58,0.05,0.03,0.06,0.01,0.01,reported,FALSE,0.17682650957553356,0.007653201853869811,0.006565321642986128,1.3066426563600357,1.5231546211727818,NA,NA,FALSE,FALSE,FALSE,2,FALSE
AGE,Age group,35-54 yrs,2017,58,0.05,0.03,0.06,0.01,0.01,reported,FALSE,0.17682650957553356,0.007653201853869811,0.006565321642986128,1.3066426563600357,1.5231546211727818,NA,NA,FALSE,FALSE,FALSE,2,FALSE
AGE,Age group,35-54 yrs,2018,53,0.05,0.03,0.06,0.01,0.01,reported,FALSE,0.17682650957553356,0.007653201853869811,0.006868028197434452,1.3066426563600357,1.4560219778561037,NA,NA,FALSE,FALSE,FALSE,1,FALSE
AGE,Age group,35-54 yrs,2019,55,0.05,0.03,0.06,0.01,0.01,reported,FALSE,0.17682650957553356,0.007653201853869811,0.006741998624632421,1.3066426563600357,1.4832396974191326,NA,NA,FALSE,FALSE,FALSE,1,FALSE
AGE,Age group,35-54 yrs,2020,64,0.05,0.03,0.06,0.01,0.01,reported,FALSE,0.17682650957553356,0.007653201853869811,0.00625,1.3066426563600357,1.5999999999999999,NA,NA,FALSE,FALSE,FALSE,1,FALSE
AGE,Age group,35-54 yrs,2021,79,0.05,0.03,0.07,0.01,0.01,reported,FALSE,0.21615138519650912,0.010204269138493084,0.00562543950463012,0.9799819922700266,1.7776388834631176,NA,NA,FALSE,FALSE,FALSE,1,FALSE
AGE,Age group,35-54 yrs,2022,75,0.1,0.08,0.12,0.01,0.01,reported,FALSE,0.10343687723509762,0.01020426913849308,0.011547005383792514,0.9799819922700269,0.8660254037844387,NA,NA,FALSE,FALSE,FALSE,1,FALSE
AGE,Age group,35-54 yrs,2023,68,0.05,0.03,0.07,0.01,0.01,reported,FALSE,0.21615138519650912,0.010204269138493084,0.006063390625908324,0.9799819922700266,1.6492422502470643,NA,NA,FALSE,FALSE,FALSE,1,FALSE
AGE,Age group,35-54 yrs,2024,58,0.05,0.03,0.07,0.01,0.01,reported,FALSE,0.21615138519650912,0.010204269138493084,0.006565321642986128,0.9799819922700266,1.5231546211727818,NA,NA,FALSE,FALSE,FALSE,1,FALSE
AGE,Age group,55-74 yrs,1999,226,0.52,0.45,0.58,0.03,0.03,reported,FALSE,0.06474111840265635,0.0331638747001025,0.03458988547236245,0.9045987620954097,0.8673055602907446,0,NA,FALSE,FALSE,FALSE,1,FALSE
AGE,Age group,55-74 yrs,2000,223,0.52,0.45,0.58,0.03,0.03,reported,FALSE,0.06474111840265635,0.0331638747001025,0.0348217755694861,0.9045987620954097,0.8615298763308507,0,NA,FALSE,FALSE,FALSE,1,FALSE
AGE,Age group,55-74 yrs,2001,248,0.62,0.54,0.69,0.04,0.04,reported,FALSE,0.06253238834143883,0.03826600926934903,0.039370039370059055,1.0453141250880291,1.016001016001524,2.5000000000000004,NA,FALSE,FALSE,FALSE,1,FALSE
AGE,Age group,55-74 yrs,2002,230,0.52,0.45,0.58,0.03,0.03,reported,FALSE,0.06474111840265635,0.0331638747001025,0.03428778461658093,0.9045987620954097,0.8749471666213327,0,NA,FALSE,FALSE,FALSE,1,FALSE
AGE,Age group,55-74 yrs,2003,264,0.62,0.54,0.69,0.04,0.04,reported,FALSE,0.06253238834143883,0.03826600926934903,0.038158362203593144,1.0453141250880291,1.0482630199530272,2.5000000000000004,NA,FALSE,FALSE,FALSE,1,FALSE
AGE,Age group,55-74 yrs,2004,240,0.52,0.45,0.58,0.03,0.03,reported,FALSE,0.06474111840265635,0.0331638747001025,0.033565855667130946,0.9045987620954097,0.893765387586327,0,NA,FALSE,FALSE,FALSE,1,FALSE
AGE,Age group,55-74 yrs,2005,234,0.47,0.41,0.53,0.03,0.03,reported,FALSE,0.06549096026069551,0.030612807415479257,0.03072486117164883,0.9799819922700264,0.9764079919645758,0,NA,FALSE,FALSE,FALSE,1,FALSE
AGE,Age group,55-74 yrs,2006,258,0.52,0.45,0.58,0.03,0.03,reported,FALSE,0.06474111840265635,0.0331638747001025,0.0323737859309639,0.9045987620954097,0.9266756771659044,0,NA,FALSE,FALSE,FALSE,1,FALSE
AGE,Age group,55-74 yrs,2007,218,0.47,0.41,0.54,0.03,0.03,reported,FALSE,0.0702594491614084,0.03316387470010253,0.03183241668949403,0.904598762095409,0.942435514482983,0,NA,FALSE,FALSE,FALSE,1,FALSE
AGE,Age group,55-74 yrs,2008,231,0.47,0.41,0.53,0.03,0.03,reported,FALSE,0.06549096026069551,0.030612807415479257,0.03092372966310914,0.9799819922700264,0.9701287757598296,0,NA,FALSE,FALSE,FALSE,1,FALSE
AGE,Age group,55-74 yrs,2009,240,0.43,0.37,0.48,0.03,0.03,reported,FALSE,0.06639996967208235,0.02806174013085597,0.02775638064781982,1.0690712642945748,1.0808325617323025,0,NA,FALSE,FALSE,FALSE,1,FALSE
AGE,Age group,55-74 yrs,2010,252,0.47,0.41,0.53,0.03,0.03,reported,FALSE,0.06549096026069551,0.030612807415479257,0.029607217052389462,0.9799819922700264,1.0132664595566518,0,NA,FALSE,FALSE,FALSE,1,FALSE
AGE,Age group,55-74 yrs,2011,275,0.47,0.42,0.53,0.03,0.03,reported,FALSE,0.05934351271340917,0.028061740130855984,0.028342066390309777,1.0690712642945743,1.058497273517681,0,NA,FALSE,FALSE,FALSE,1,FALSE
AGE,Age group,55-74 yrs,2012,274,0.47,0.42,0.53,0.03,0.03,reported,FALSE,0.05934351271340917,0.028061740130855984,0.028393738386518316,1.0690712642945743,1.056570980249799,0,NA,FALSE,FALSE,FALSE,1,FALSE
AGE,Age group,55-74 yrs,2013,277,0.47,0.42,0.53,0.03,0.03,reported,FALSE,0.05934351271340917,0.028061740130855984,0.028239563101927153,1.0690712642945743,1.0623393815165898,0,NA,FALSE,FALSE,FALSE,1,FALSE
AGE,Age group,55-74 yrs,2014,294,0.42,0.37,0.46,0.02,0.02,reported,FALSE,0.055542725673085255,0.02295960556160944,0.02449489742783178,0.8710951042400236,0.8164965809277261,-2.4999999999999996,NA,FALSE,FALSE,FALSE,1,FALSE
AGE,Age group,55-74 yrs,2015,285,0.42,0.37,0.46,0.02,0.02,reported,FALSE,0.055542725673085255,0.02295960556160944,0.024878652865881874,0.8710951042400236,0.8039020483873398,-2.4999999999999996,NA,FALSE,FALSE,FALSE,1,FALSE
AGE,Age group,55-74 yrs,2016,309,0.47,0.42,0.52,0.03,0.03,reported,FALSE,0.05448419001132277,0.02551067284623271,0.02673736582746299,1.1759783907240318,1.122025265824273,0,NA,FALSE,FALSE,FALSE,1,FALSE
AGE,Age group,55-74 yrs,2017,358,0.52,0.46,0.57,0.03,0.03,reported,FALSE,0.05469740082896746,0.028061740130855956,0.02748285397424788,1.0690712642945754,1.0915896881783365,0,NA,FALSE,FALSE,FALSE,1,FALSE
AGE,Age group,55-74 yrs,2018,349,0.52,0.46,0.57,0.03,0.03,reported,FALSE,0.05469740082896746,0.028061740130855956,0.02783496183375384,1.0690712642945754,1.077781251477081,0,NA,FALSE,FALSE,FALSE,1,FALSE
AGE,Age group,55-74 yrs,2019,355,0.47,0.42,0.52,0.03,0.03,reported,FALSE,0.05448419001132277,0.02551067284623271,0.024945009944410935,1.1759783907240318,1.202645341367028,0,NA,FALSE,FALSE,FALSE,1,FALSE
AGE,Age group,55-74 yrs,2020,480,0.6,0.55,0.66,0.03,0.03,reported,FALSE,0.04651145588186412,0.02806174013085597,0.027386127875258303,1.0690712642945748,1.0954451150103324,0,NA,FALSE,FALSE,FALSE,1,FALSE
AGE,Age group,55-74 yrs,2021,509,0.66,0.6,0.72,0.03,0.03,reported,FALSE,0.04651145588186412,0.030612807415479244,0.029253985673743793,0.9799819922700268,1.025501288425316,0,NA,FALSE,FALSE,FALSE,1,FALSE
AGE,Age group,55-74 yrs,2022,525,0.66,0.6,0.72,0.03,0.03,reported,FALSE,0.04651145588186412,0.030612807415479244,0.028804761511150998,0.9799819922700268,1.0414944761263272,0,NA,FALSE,FALSE,FALSE,1,FALSE
AGE,Age group,55-74 yrs,2023,443,0.57,0.52,0.63,0.03,0.03,reported,FALSE,0.0489526872237748,0.02806174013085597,0.027081517274298052,1.0690712642945748,1.1077665884131151,0,NA,FALSE,FALSE,FALSE,1,FALSE
AGE,Age group,55-74 yrs,2024,455,0.62,0.56,0.67,0.03,0.03,reported,FALSE,0.045751077588781025,0.02806174013085597,0.029066048318186714,1.0690712642945748,1.032132048759752,0,NA,FALSE,FALSE,FALSE,1,FALSE
AGE,Age group,75+ yrs,1999,253,1.52,1.34,1.71,0.1,0.1,reported,FALSE,0.06220108085531142,0.09438948953106098,0.09556158124621358,1.0594399916432726,1.0464456395122939,1.0398380137703056,NA,FALSE,FALSE,FALSE,1,FALSE
AGE,Age group,75+ yrs,2000,245,1.48,1.29,1.66,0.09,0.09,reported,FALSE,0.06433163720966263,0.09438948953106098,0.0945537316199911,0.9534959924789452,0.9518397471789646,-0.550502477878396,NA,FALSE,FALSE,FALSE,1,FALSE
AGE,Age group,75+ yrs,2001,238,1.43,1.24,1.61,0.09,0.09,reported,FALSE,0.06661418307660999,0.09438948953106104,0.0926931324679595,0.9534959924789447,0.9709457173767386,-0.550502477878396,NA,FALSE,FALSE,FALSE,1,FALSE
AGE,Age group,75+ yrs,2002,296,1.75,1.55,1.95,0.1,0.1,reported,FALSE,0.05856598474649384,0.10204269138493079,0.10171668390084188,0.9799819922700271,0.9831228876620145,1.0398380137703056,NA,FALSE,FALSE,FALSE,1,FALSE
AGE,Age group,75+ yrs,2003,277,1.57,1.39,1.76,0.09,0.09,reported,FALSE,0.06020775477740343,0.09438948953106104,0.09433215759579922,0.9534959924789447,0.9540754955021602,-0.550502477878396,NA,FALSE,FALSE,FALSE,1,FALSE
AGE,Age group,75+ yrs,2004,236,1.35,1.18,1.52,0.09,0.09,reported,FALSE,0.0645919767857442,0.08673628767719122,0.08787751491205611,1.0376279918153222,1.024152766382481,-0.550502477878396,NA,FALSE,FALSE,FALSE,1,FALSE
AGE,Age group,75+ yrs,2005,285,1.58,1.39,1.76,0.09,0.09,reported,FALSE,0.06020775477740343,0.09438948953106104,0.09359112268593658,0.9534959924789447,0.9616296654759949,-0.550502477878396,NA,FALSE,FALSE,FALSE,1,FALSE
AGE,Age group,75+ yrs,2006,293,1.63,1.44,1.81,0.1,0.1,reported,FALSE,0.05833875864394787,0.09438948953106104,0.0952256167674287,1.059439991643272,1.0501375931670978,1.0398380137703056,NA,FALSE,FALSE,FALSE,1,FALSE
AGE,Age group,75+ yrs,2007,279,1.5,1.32,1.68,0.09,0.09,reported,FALSE,0.06152206334380212,0.0918384222464377,0.08980265101338744,0.979981992270027,1.002197585309404,-0.550502477878396,NA,FALSE,FALSE,FALSE,1,FALSE
AGE,Age group,75+ yrs,2008,272,1.45,1.28,1.62,0.09,0.09,reported,FALSE,0.06009448978932321,0.08673628767719122,0.0879191640756707,1.0376279918153222,1.0236676036016261,-0.550502477878396,NA,FALSE,FALSE,FALSE,1,FALSE
AGE,Age group,75+ yrs,2009,265,1.45,1.28,1.63,0.09,0.09,reported,FALSE,0.061664382303399753,0.08928735496181443,0.08907279194092292,1.0079814777634564,1.0104095542406715,-0.550502477878396,NA,FALSE,FALSE,FALSE,1,FALSE
AGE,Age group,75+ yrs,2010,291,1.55,1.37,1.73,0.09,0.09,reported,FALSE,0.05951912139967337,0.0918384222464377,0.09086260917288513,0.979981992270027,0.9905064450521793,-0.550502477878396,NA,FALSE,FALSE,FALSE,1,FALSE
AGE,Age group,75+ yrs,2011,301,1.58,1.4,1.76,0.09,0.09,reported,FALSE,0.058379024878497963,0.09183842224643776,0.09106968599726913,0.9799819922700265,0.9882542035194762,-0.550502477878396,NA,FALSE,FALSE,FALSE,1,FALSE
AGE,Age group,75+ yrs,2012,275,1.38,1.21,1.54,0.08,0.08,reported,FALSE,0.06152206334380216,0.08418522039256794,0.08321713110346275,0.950285568261844,0.9613405189435943,-2.1408429695270956,NA,FALSE,FALSE,FALSE,1,FALSE
AGE,Age group,75+ yrs,2013,337,1.73,1.54,1.91,0.09,0.09,reported,FALSE,0.05492979139704195,0.09438948953106098,0.09423910495159189,0.9534959924789452,0.9550175592842334,-0.550502477878396,NA,FALSE,FALSE,FALSE,1,FALSE
AGE,Age group,75+ yrs,2014,350,1.78,1.59,1.96,0.1,0.1,reported,FALSE,0.05337099524800226,0.09438948953106098,0.09514500212082308,1.0594399916432726,1.0510273558353769,1.0398380137703056,NA,FALSE,FALSE,FALSE,1,FALSE
AGE,Age group,75+ yrs,2015,296,1.48,1.31,1.65,0.09,0.09,reported,FALSE,0.05886540582366334,0.08673628767719116,0.08602325267042626,1.0376279918153228,1.0462287486943735,-0.550502477878396,NA,FALSE,FALSE,FALSE,1,FALSE
AGE,Age group,75+ yrs,2016,368,1.78,1.59,1.96,0.09,0.09,reported,FALSE,0.05337099524800226,0.09438948953106098,0.09278891425539829,0.9534959924789452,0.9699434541531341,-0.550502477878396,NA,FALSE,FALSE,FALSE,1,FALSE
AGE,Age group,75+ yrs,2017,357,1.65,1.48,1.82,0.09,0.09,reported,FALSE,0.05275464624448417,0.08673628767719122,0.08732726046411891,1.0376279918153222,1.0306060160558828,-0.550502477878396,NA,FALSE,FALSE,FALSE,1,FALSE
AGE,Age group,75+ yrs,2018,368,1.63,1.46,1.8,0.09,0.09,reported,FALSE,0.05340665206942627,0.08673628767719122,0.08496962372825796,1.0376279918153222,1.059202054228576,-0.550502477878396,NA,FALSE,FALSE,FALSE,1,FALSE
AGE,Age group,75+ yrs,2019,413,1.83,1.65,2.01,0.09,0.09,reported,FALSE,0.05034771957934972,0.0918384222464377,0.09004841312883749,0.979981992270027,0.9994623655525364,-0.550502477878396,NA,FALSE,FALSE,FALSE,1,FALSE
AGE,Age group,75+ yrs,2020,521,2.21,2.02,2.4,0.1,0.1,reported,FALSE,0.04397305953079463,0.09694055681568425,0.0968218579087695,1.0315599918631864,1.0328246344355951,1.0398380137703056,NA,FALSE,FALSE,FALSE,1,FALSE
AGE,Age group,75+ yrs,2021,583,2.63,2.42,2.85,0.11,0.11,reported,FALSE,0.04172307639375958,0.10969589323880066,0.10892347070297956,1.002772271160027,1.0098833547083346,2.630178505419005,NA,FALSE,FALSE,FALSE,1,FALSE
AGE,Age group,75+ yrs,2022,611,2.53,2.33,2.74,0.1,0.1,reported,FALSE,0.041350161049109116,0.10459375866955412,0.10235284434893596,0.9560799924585625,0.9770124185223934,1.0398380137703056,NA,FALSE,FALSE,FALSE,1,FALSE
AGE,Age group,75+ yrs,2023,599,2.41,2.21,2.61,0.1,0.1,reported,FALSE,0.042438970082396665,0.10204269138493079,0.09846993049667516,0.9799819922700271,1.0155384440265907,1.0398380137703056,NA,FALSE,FALSE,FALSE,1,FALSE
AGE,Age group,75+ yrs,2024,613,2.43,2.25,2.63,0.1,0.1,reported,FALSE,0.03981033100717042,0.09694055681568425,0.09814677559422536,1.0315599918631864,1.018882173097938,1.0398380137703056,NA,FALSE,FALSE,FALSE,1,FALSE
CENSUS_REGION,Census region,Census Region 1: Northeast,1999,114,0.28,0.22,0.33,0.03,0.03,reported,FALSE,0.10343687723509756,0.028061740130855977,0.026224402724287433,1.0690712642945746,1.1439726698604975,0.4181210050035451,NA,FALSE,FALSE,FALSE,1,FALSE
CENSUS_REGION,Census region,Census Region 1: Northeast,2000,125,0.32,0.27,0.38,0.03,0.03,reported,FALSE,0.08718254427574475,0.02806174013085597,0.028621670111997306,1.0690712642945748,1.0481568644530266,0.4181210050035451,NA,FALSE,FALSE,FALSE,1,FALSE
CENSUS_REGION,Census region,Census Region 1: Northeast,2001,114,0.29,0.23,0.34,0.03,0.03,reported,FALSE,0.09971262527528964,0.028061740130855977,0.027160988535869124,1.0690712642945746,1.1045253364170322,0.4181210050035451,NA,FALSE,FALSE,FALSE,1,FALSE
CENSUS_REGION,Census region,Census Region 1: Northeast,2002,102,0.26,0.21,0.31,0.03,0.03,reported,FALSE,0.09935508249992647,0.025510672846232704,0.025743836117393535,1.1759783907240322,1.1653274928879318,0.4181210050035451,NA,FALSE,FALSE,FALSE,1,FALSE
CENSUS_REGION,Census region,Census Region 1: Northeast,2003,131,0.33,0.27,0.39,0.03,0.03,reported,FALSE,0.09380906563229822,0.030612807415479244,0.02883223386981425,0.9799819922700268,1.0405021038417817,0.4181210050035451,NA,FALSE,FALSE,FALSE,1,FALSE
CENSUS_REGION,Census region,Census Region 1: Northeast,2004,115,0.29,0.23,0.34,0.03,0.03,reported,FALSE,0.09971262527528964,0.028061740130855977,0.027042639438969097,1.0690712642945746,1.1093591684238215,0.4181210050035451,NA,FALSE,FALSE,FALSE,1,FALSE
CENSUS_REGION,Census region,Census Region 1: Northeast,2005,140,0.35,0.29,0.41,0.03,0.03,reported,FALSE,0.0883373978933329,0.030612807415479244,0.029580398915498077,0.9799819922700268,1.01418510567422,0.4181210050035451,NA,FALSE,FALSE,FALSE,1,FALSE
CENSUS_REGION,Census region,Census Region 1: Northeast,2006,111,0.28,0.22,0.33,0.03,0.03,reported,FALSE,0.10343687723509756,0.028061740130855977,0.026576423881069976,1.0690712642945746,1.1288200449485075,0.4181210050035451,NA,FALSE,FALSE,FALSE,1,FALSE
CENSUS_REGION,Census region,Census Region 1: Northeast,2007,95,0.23,0.19,0.29,0.02,0.02,reported,FALSE,0.107873627820581,0.025510672846232697,0.023597502097958547,0.7839855938160216,0.8475473343312142,-2.2996655275195,NA,FALSE,FALSE,FALSE,1,FALSE
CENSUS_REGION,Census region,Census Region 1: Northeast,2008,127,0.3,0.25,0.35,0.03,0.03,reported,FALSE,0.08583633150283956,0.025510672846232697,0.026620695282483415,1.1759783907240324,1.1269427669584644,0.4181210050035451,NA,FALSE,FALSE,FALSE,1,FALSE
CENSUS_REGION,Census region,Census Region 1: Northeast,2009,102,0.24,0.19,0.29,0.02,0.02,reported,FALSE,0.107873627820581,0.025510672846232697,0.023763541031440183,0.7839855938160216,0.8416254115301732,-2.2996655275195,NA,FALSE,FALSE,FALSE,1,FALSE
CENSUS_REGION,Census region,Census Region 1: Northeast,2010,114,0.3,0.24,0.36,0.03,0.03,reported,FALSE,0.10343687723509756,0.030612807415479244,0.02809757434745082,0.9799819922700268,1.0677078252031311,0.4181210050035451,NA,FALSE,FALSE,FALSE,1,FALSE
CENSUS_REGION,Census region,Census Region 1: Northeast,2011,127,0.29,0.23,0.34,0.03,0.03,reported,FALSE,0.09971262527528964,0.028061740130855977,0.0257333387730673,1.0690712642945746,1.1658028623708252,0.4181210050035451,NA,FALSE,FALSE,FALSE,1,FALSE
CENSUS_REGION,Census region,Census Region 1: Northeast,2012,114,0.24,0.19,0.29,0.02,0.02,reported,FALSE,0.107873627820581,0.025510672846232697,0.022478059477960655,0.7839855938160216,0.8897565210026093,-2.2996655275195,NA,FALSE,FALSE,FALSE,1,FALSE
CENSUS_REGION,Census region,Census Region 1: Northeast,2013,136,0.32,0.26,0.37,0.03,0.03,reported,FALSE,0.0900071066115889,0.02806174013085597,0.027439773622801412,1.0690712642945748,1.0933034802834938,0.4181210050035451,NA,FALSE,FALSE,FALSE,1,FALSE
CENSUS_REGION,Census region,Census Region 1: Northeast,2014,133,0.31,0.25,0.36,0.03,0.03,reported,FALSE,0.0930229117637282,0.02806174013085597,0.026880409055247717,1.0690712642945748,1.116054444645561,0.4181210050035451,NA,FALSE,FALSE,FALSE,1,FALSE
CENSUS_REGION,Census region,Census Region 1: Northeast,2015,98,0.21,0.17,0.26,0.02,0.02,reported,FALSE,0.10839056159110333,0.022959605561609434,0.021213203435596423,0.8710951042400238,0.9428090415820635,-2.2996655275195,NA,FALSE,FALSE,FALSE,1,FALSE
CENSUS_REGION,Census region,Census Region 1: Northeast,2016,128,0.28,0.23,0.33,0.03,0.03,reported,FALSE,0.09209693351126803,0.025510672846232704,0.024748737341529162,1.1759783907240322,1.212183053462653,0.4181210050035451,NA,FALSE,FALSE,FALSE,1,FALSE
CENSUS_REGION,Census region,Census Region 1: Northeast,2017,140,0.32,0.26,0.37,0.03,0.03,reported,FALSE,0.0900071066115889,0.02806174013085597,0.02704493615131253,1.0690712642945748,1.1092649593311779,0.4181210050035451,NA,FALSE,FALSE,FALSE,1,FALSE
CENSUS_REGION,Census region,Census Region 1: Northeast,2018,138,0.3,0.25,0.35,0.03,0.03,reported,FALSE,0.08583633150283956,0.025510672846232697,0.02553769592276246,1.1759783907240324,1.1747340124470729,0.4181210050035451,NA,FALSE,FALSE,FALSE,1,FALSE
CENSUS_REGION,Census region,Census Region 1: Northeast,2019,158,0.31,0.26,0.36,0.03,0.03,reported,FALSE,0.08301744394323525,0.025510672846232697,0.02466227580944763,1.1759783907240324,1.2164327506428905,0.4181210050035451,NA,FALSE,FALSE,FALSE,1,FALSE
CENSUS_REGION,Census region,Census Region 1: Northeast,2020,179,0.36,0.31,0.42,0.03,0.03,reported,FALSE,0.07747142707560706,0.02806174013085597,0.02690766333906969,1.0690712642945748,1.114924013354971,0.4181210050035451,NA,FALSE,FALSE,FALSE,1,FALSE
CENSUS_REGION,Census region,Census Region 1: Northeast,2021,210,0.41,0.36,0.48,0.03,0.03,reported,FALSE,0.073389632340436,0.030612807415479244,0.028292687933036523,0.9799819922700268,1.0603446399650809,0.4181210050035451,NA,FALSE,FALSE,FALSE,1,FALSE
CENSUS_REGION,Census region,Census Region 1: Northeast,2022,207,0.4,0.34,0.46,0.03,0.03,reported,FALSE,0.07711388430024392,0.030612807415479244,0.027801921874276634,0.9799819922700268,1.0790620927453618,0.4181210050035451,NA,FALSE,FALSE,FALSE,1,FALSE
CENSUS_REGION,Census region,Census Region 1: Northeast,2023,176,0.33,0.29,0.39,0.03,0.03,reported,FALSE,0.07557940311150602,0.02551067284623271,0.0248746859276655,1.1759783907240318,1.2060453783110543,0.4181210050035451,NA,FALSE,FALSE,FALSE,1,FALSE
CENSUS_REGION,Census region,Census Region 1: Northeast,2024,189,0.32,0.28,0.38,0.03,0.03,reported,FALSE,0.07790491354943084,0.025510672846232697,0.023276574958505852,1.1759783907240324,1.28884941420633,0.4181210050035451,NA,FALSE,FALSE,FALSE,1,FALSE
CENSUS_REGION,Census region,Census Region 2: Midwest,1999,134,0.3,0.25,0.35,0.03,0.03,reported,FALSE,0.08583633150283956,0.025510672846232697,0.025916052767440804,1.1759783907240324,1.1575836902790224,0.7134772412317409,NA,FALSE,FALSE,FALSE,1,FALSE
CENSUS_REGION,Census region,Census Region 2: Midwest,2000,141,0.36,0.3,0.42,0.03,0.03,reported,FALSE,0.08583633150283965,0.030612807415479244,0.030317469158394682,0.9799819922700268,0.9895285072531598,0.7134772412317409,NA,FALSE,FALSE,FALSE,1,FALSE
CENSUS_REGION,Census region,Census Region 2: Midwest,2001,134,0.3,0.25,0.35,0.03,0.03,reported,FALSE,0.08583633150283956,0.025510672846232697,0.025916052767440804,1.1759783907240324,1.1575836902790224,0.7134772412317409,NA,FALSE,FALSE,FALSE,1,FALSE
CENSUS_REGION,Census region,Census Region 2: Midwest,2002,152,0.33,0.27,0.38,0.03,0.03,reported,FALSE,0.08718254427574475,0.02806174013085597,0.026766534486575823,1.0690712642945748,1.1208025459943591,0.7134772412317409,NA,FALSE,FALSE,FALSE,1,FALSE
CENSUS_REGION,Census region,Census Region 2: Midwest,2003,163,0.37,0.31,0.43,0.03,0.03,reported,FALSE,0.08347421528901294,0.030612807415479244,0.02898063664955442,0.9799819922700268,1.0351739460651652,0.7134772412317409,NA,FALSE,FALSE,FALSE,1,FALSE
CENSUS_REGION,Census region,Census Region 2: Midwest,2004,122,0.28,0.23,0.33,0.03,0.03,reported,FALSE,0.09209693351126803,0.025510672846232704,0.02535000889190519,1.1759783907240322,1.1834315375557778,0.7134772412317409,NA,FALSE,FALSE,FALSE,1,FALSE
CENSUS_REGION,Census region,Census Region 2: Midwest,2005,146,0.33,0.27,0.38,0.03,0.03,reported,FALSE,0.08718254427574475,0.02806174013085597,0.027310994323878145,1.0690712642945748,1.0984587248722337,0.7134772412317409,NA,FALSE,FALSE,FALSE,1,FALSE
CENSUS_REGION,Census region,Census Region 2: Midwest,2006,153,0.34,0.29,0.4,0.03,0.03,reported,FALSE,0.0820381462782156,0.028061740130855984,0.027487370837451074,1.0690712642945743,1.0914103126634982,0.7134772412317409,NA,FALSE,FALSE,FALSE,1,FALSE
CENSUS_REGION,Census region,Census Region 2: Midwest,2007,146,0.3,0.25,0.35,0.03,0.03,reported,FALSE,0.08583633150283956,0.025510672846232697,0.024828176658071036,1.1759783907240324,1.2083045973594573,0.7134772412317409,NA,FALSE,FALSE,FALSE,1,FALSE
CENSUS_REGION,Census region,Census Region 2: Midwest,2008,145,0.31,0.26,0.36,0.03,0.03,reported,FALSE,0.08301744394323525,0.025510672846232697,0.02574409875465939,1.1759783907240324,1.1653156043992543,0.7134772412317409,NA,FALSE,FALSE,FALSE,1,FALSE
CENSUS_REGION,Census region,Census Region 2: Midwest,2009,127,0.26,0.21,0.3,0.02,0.02,reported,FALSE,0.09099017807269388,0.022959605561609434,0.023071269244818962,0.8710951042400238,0.866879051506511,-1.3476792334377334,NA,FALSE,FALSE,FALSE,1,FALSE
CENSUS_REGION,Census region,Census Region 2: Midwest,2010,149,0.28,0.24,0.33,0.02,0.02,reported,FALSE,0.08123968951227094,0.02295960556160944,0.022938493774533136,0.8710951042400236,0.8718968296952644,-1.3476792334377334,NA,FALSE,FALSE,FALSE,1,FALSE
CENSUS_REGION,Census region,Census Region 2: Midwest,2011,152,0.29,0.24,0.34,0.02,0.02,reported,FALSE,0.08885538127629254,0.02551067284623271,0.023522106063960567,0.7839855938160213,0.850264000409514,-1.3476792334377334,NA,FALSE,FALSE,FALSE,1,FALSE
CENSUS_REGION,Census region,Census Region 2: Midwest,2012,156,0.3,0.25,0.35,0.02,0.02,reported,FALSE,0.08583633150283956,0.025510672846232697,0.02401922307076307,0.7839855938160216,0.8326663997864532,-1.3476792334377334,NA,FALSE,FALSE,FALSE,1,FALSE
CENSUS_REGION,Census region,Census Region 2: Midwest,2013,147,0.28,0.23,0.32,0.02,0.02,reported,FALSE,0.08424687633943309,0.022959605561609434,0.023094010767585032,0.8710951042400238,0.8660254037844386,-1.3476792334377334,NA,FALSE,FALSE,FALSE,1,FALSE
CENSUS_REGION,Census region,Census Region 2: Midwest,2014,162,0.31,0.26,0.36,0.03,0.03,reported,FALSE,0.08301744394323525,0.025510672846232697,0.02435590024086997,1.1759783907240324,1.2317343930346312,0.7134772412317409,NA,FALSE,FALSE,FALSE,2,FALSE
CENSUS_REGION,Census region,Census Region 2: Midwest,2015,162,0.29,0.25,0.34,0.02,0.02,reported,FALSE,0.07844141580492318,0.02295960556160944,0.022784551838233198,0.8710951042400236,0.8777877283695072,-1.3476792334377334,NA,FALSE,FALSE,FALSE,2,FALSE
CENSUS_REGION,Census region,Census Region 2: Midwest,2016,158,0.27,0.23,0.32,0.02,0.02,reported,FALSE,0.08424687633943309,0.022959605561609434,0.021480046672744713,0.8710951042400238,0.9310966733315951,-1.3476792334377334,NA,FALSE,FALSE,FALSE,1,FALSE
CENSUS_REGION,Census region,Census Region 2: Midwest,2017,180,0.32,0.27,0.37,0.02,0.02,reported,FALSE,0.08037929500878958,0.025510672846232697,0.023851391759997755,0.7839855938160216,0.8385254915624212,-1.3476792334377334,NA,FALSE,FALSE,FALSE,1,FALSE
CENSUS_REGION,Census region,Census Region 2: Midwest,2018,175,0.3,0.25,0.34,0.02,0.02,reported,FALSE,0.07844141580492318,0.02295960556160944,0.022677868380553634,0.8710951042400236,0.8819171036881969,-1.3476792334377334,NA,FALSE,FALSE,FALSE,1,FALSE
CENSUS_REGION,Census region,Census Region 2: Midwest,2019,199,0.35,0.3,0.39,0.03,0.03,reported,FALSE,0.06693088917372643,0.02295960556160944,0.024810842175291753,1.3066426563600353,1.2091487982570759,0.7134772412317409,NA,FALSE,FALSE,FALSE,1,FALSE
CENSUS_REGION,Census region,Census Region 2: Midwest,2020,262,0.47,0.41,0.53,0.03,0.03,reported,FALSE,0.06549096026069551,0.030612807415479257,0.029036696971115123,0.9799819922700264,1.0331753652918285,0.7134772412317409,NA,FALSE,FALSE,FALSE,1,FALSE
CENSUS_REGION,Census region,Census Region 2: Midwest,2021,302,0.56,0.5,0.63,0.03,0.03,reported,FALSE,0.05895815504426776,0.033163874700102514,0.032224378908312416,0.9045987620954093,0.9309721712669339,0.7134772412317409,NA,FALSE,FALSE,FALSE,1,FALSE
CENSUS_REGION,Census region,Census Region 2: Midwest,2022,292,0.51,0.45,0.57,0.03,0.03,reported,FALSE,0.06030436781717289,0.03061280741547923,0.0298454925350133,0.9799819922700272,1.005176911213827,0.7134772412317409,NA,FALSE,FALSE,FALSE,1,FALSE
CENSUS_REGION,Census region,Census Region 2: Midwest,2023,233,0.36,0.31,0.41,0.03,0.03,reported,FALSE,0.07132397952832074,0.025510672846232697,0.023584384154895062,1.1759783907240324,1.2720281268728122,0.7134772412317409,NA,FALSE,FALSE,FALSE,1,FALSE
CENSUS_REGION,Census region,Census Region 2: Midwest,2024,273,0.46,0.41,0.52,0.03,0.03,reported,FALSE,0.06063163755860909,0.028061740130855984,0.027840466502764914,1.0690712642945743,1.0775681505559764,0.7134772412317409,NA,FALSE,FALSE,FALSE,1,FALSE
CENSUS_REGION,Census region,Census Region 3: South,1999,196,0.31,0.27,0.36,0.02,0.02,reported,FALSE,0.07338963234043594,0.022959605561609427,0.02214285714285714,0.8710951042400241,0.903225806451613,NA,NA,FALSE,FALSE,FALSE,1,FALSE
CENSUS_REGION,Census region,Census Region 3: South,2000,185,0.29,0.25,0.34,0.02,0.02,reported,FALSE,0.07844141580492318,0.02295960556160944,0.021321224040720423,0.8710951042400236,0.9380324488783065,NA,NA,FALSE,FALSE,FALSE,1,FALSE
CENSUS_REGION,Census region,Census Region 3: South,2001,197,0.3,0.25,0.34,0.02,0.02,reported,FALSE,0.07844141580492318,0.02295960556160944,0.021374114996372894,0.8710951042400236,0.93571125650788,NA,NA,FALSE,FALSE,FALSE,1,FALSE
CENSUS_REGION,Census region,Census Region 3: South,2002,228,0.32,0.28,0.37,0.02,0.02,reported,FALSE,0.07110166428247566,0.022959605561609427,0.0211925177130407,0.8710951042400241,0.9437293044088437,NA,NA,FALSE,FALSE,FALSE,1,FALSE
CENSUS_REGION,Census region,Census Region 3: South,2003,202,0.28,0.24,0.33,0.02,0.02,reported,FALSE,0.08123968951227094,0.02295960556160944,0.019700731252448176,0.8710951042400236,1.0151907431108496,NA,NA,FALSE,FALSE,FALSE,1,FALSE
CENSUS_REGION,Census region,Census Region 3: South,2004,186,0.27,0.23,0.31,0.02,0.02,reported,FALSE,0.07614756977946312,0.02040853827698616,0.019797360527882696,0.9799819922700269,1.0102356812582114,NA,NA,FALSE,FALSE,FALSE,1,FALSE
CENSUS_REGION,Census region,Census Region 3: South,2005,188,0.26,0.22,0.3,0.02,0.02,reported,FALSE,0.07912260907606007,0.02040853827698616,0.018962448894726293,0.9799819922700269,1.0547160923693915,NA,NA,FALSE,FALSE,FALSE,1,FALSE
CENSUS_REGION,Census region,Census Region 3: South,2006,216,0.29,0.25,0.33,0.02,0.02,reported,FALSE,0.07082572404090158,0.020408538276986167,0.019732000705753375,0.9799819922700266,1.0135819625309705,NA,NA,FALSE,FALSE,FALSE,1,FALSE
CENSUS_REGION,Census region,Census Region 3: South,2007,200,0.26,0.23,0.3,0.02,0.02,reported,FALSE,0.06778266535223053,0.017857470992362887,0.018384776310850236,1.119979419737174,1.0878565864408423,NA,NA,FALSE,FALSE,FALSE,1,FALSE
CENSUS_REGION,Census region,Census Region 3: South,2008,171,0.22,0.19,0.26,0.02,0.02,reported,FALSE,0.08001615369698947,0.017857470992362894,0.016823820483841196,1.1199794197371735,1.1887906209656383,NA,NA,FALSE,FALSE,FALSE,1,FALSE
CENSUS_REGION,Census region,Census Region 3: South,2009,213,0.26,0.22,0.29,0.02,0.02,reported,FALSE,0.07047409513828048,0.017857470992362887,0.017814906455515825,1.119979419737174,1.1226553476404941,NA,NA,FALSE,FALSE,FALSE,2,FALSE
CENSUS_REGION,Census region,Census Region 3: South,2010,213,0.27,0.23,0.31,0.02,0.02,reported,FALSE,0.07614756977946312,0.02040853827698616,0.018500095165343358,0.9799819922700269,1.0810755199501052,NA,NA,FALSE,FALSE,FALSE,2,FALSE
CENSUS_REGION,Census region,Census Region 3: South,2011,218,0.26,0.23,0.3,0.02,0.02,reported,FALSE,0.06778266535223053,0.017857470992362887,0.017609421998443505,1.119979419737174,1.135755620017954,NA,NA,FALSE,FALSE,FALSE,1,FALSE
CENSUS_REGION,Census region,Census Region 3: South,2012,202,0.25,0.21,0.28,0.02,0.02,reported,FALSE,0.073389632340436,0.0178574709923629,0.017589938618257295,1.119979419737173,1.1370136322841518,NA,NA,FALSE,FALSE,FALSE,1,FALSE
CENSUS_REGION,Census region,Census Region 3: South,2013,232,0.26,0.22,0.29,0.02,0.02,reported,FALSE,0.07047409513828048,0.017857470992362887,0.017069836271763932,1.119979419737174,1.1716574009021399,NA,NA,FALSE,FALSE,FALSE,1,FALSE
CENSUS_REGION,Census region,Census Region 3: South,2014,239,0.26,0.22,0.29,0.02,0.02,reported,FALSE,0.07047409513828048,0.017857470992362887,0.016818001911181924,1.119979419737174,1.1892019102877158,NA,NA,FALSE,FALSE,FALSE,1,FALSE
CENSUS_REGION,Census region,Census Region 3: South,2015,228,0.24,0.21,0.27,0.02,0.02,reported,FALSE,0.06411200161412207,0.015306403707739629,0.015894388284780524,1.3066426563600353,1.2583057392117918,NA,NA,FALSE,FALSE,FALSE,1,FALSE
CENSUS_REGION,Census region,Census Region 3: South,2016,261,0.27,0.24,0.31,0.02,0.02,reported,FALSE,0.06529032578046602,0.017857470992362894,0.01671258043593467,1.1199794197371735,1.196703290474334,NA,NA,FALSE,FALSE,FALSE,1,FALSE
CENSUS_REGION,Census region,Census Region 3: South,2017,277,0.3,0.26,0.34,0.02,0.02,reported,FALSE,0.06843594798443023,0.020408538276986167,0.018025253043783288,0.9799819922700266,1.1095544651395495,NA,NA,FALSE,FALSE,FALSE,1,FALSE
CENSUS_REGION,Census region,Census Region 3: South,2018,276,0.3,0.26,0.34,0.02,0.02,reported,FALSE,0.06843594798443023,0.020408538276986167,0.01805787796286538,0.9799819922700266,1.1075498483890767,NA,NA,FALSE,FALSE,FALSE,1,FALSE
CENSUS_REGION,Census region,Census Region 3: South,2019,280,0.28,0.25,0.32,0.02,0.02,reported,FALSE,0.06297566686906664,0.017857470992362894,0.016733200530681513,1.1199794197371735,1.1952286093343936,NA,NA,FALSE,FALSE,FALSE,1,FALSE
CENSUS_REGION,Census region,Census Region 3: South,2020,376,0.36,0.32,0.4,0.02,0.02,reported,FALSE,0.05692542135323347,0.020408538276986167,0.018565582432658278,0.9799819922700266,1.0772621905369621,NA,NA,FALSE,FALSE,FALSE,1,FALSE
CENSUS_REGION,Census region,Census Region 3: South,2021,377,0.35,0.31,0.39,0.02,0.02,reported,FALSE,0.05856598474649384,0.020408538276986167,0.018025917091861163,0.9799819922700266,1.1095135907970057,NA,NA,FALSE,FALSE,FALSE,1,FALSE
CENSUS_REGION,Census region,Census Region 3: South,2022,439,0.43,0.39,0.47,0.02,0.02,reported,FALSE,0.04759933270513601,0.020408538276986153,0.02052278027584395,0.9799819922700272,0.9745268297561379,NA,NA,FALSE,FALSE,FALSE,1,FALSE
CENSUS_REGION,Census region,Census Region 3: South,2023,425,0.39,0.35,0.43,0.02,0.02,reported,FALSE,0.05251424409527003,0.020408538276986167,0.018917778752833972,0.9799819922700266,1.057206570671195,NA,NA,FALSE,FALSE,FALSE,1,FALSE
CENSUS_REGION,Census region,Census Region 3: South,2024,428,0.39,0.35,0.43,0.02,0.02,reported,FALSE,0.05251424409527003,0.020408538276986167,0.01885136153639044,0.9799819922700266,1.0609313264398565,NA,NA,FALSE,FALSE,FALSE,1,FALSE
CENSUS_REGION,Census region,Census Region 4: West,1999,107,0.29,0.23,0.35,0.03,0.03,reported,FALSE,0.10710754097320602,0.030612807415479237,0.02803535818232424,0.979981992270027,1.070077286150545,0.5951898958700064,NA,FALSE,FALSE,FALSE,1,FALSE
CENSUS_REGION,Census region,Census Region 4: West,2000,98,0.27,0.22,0.33,0.03,0.03,reported,FALSE,0.10343687723509756,0.028061740130855977,0.027274118702909692,1.0690712642945746,1.0999438818457405,0.5951898958700064,NA,FALSE,FALSE,FALSE,1,FALSE
CENSUS_REGION,Census region,Census Region 4: West,2001,103,0.29,0.23,0.35,0.03,0.03,reported,FALSE,0.10710754097320602,0.030612807415479237,0.0285745490667645,0.979981992270027,1.0498853343198848,0.5951898958700064,NA,FALSE,FALSE,FALSE,1,FALSE
CENSUS_REGION,Census region,Census Region 4: West,2002,113,0.28,0.22,0.33,0.03,0.03,reported,FALSE,0.10343687723509756,0.028061740130855977,0.026340184314740726,1.0690712642945746,1.1389441942215695,0.5951898958700064,NA,FALSE,FALSE,FALSE,1,FALSE
CENSUS_REGION,Census region,Census Region 4: West,2003,128,0.32,0.27,0.38,0.03,0.03,reported,FALSE,0.08718254427574475,0.02806174013085597,0.028284271247461898,1.0690712642945748,1.0606601717798214,0.5951898958700064,NA,FALSE,FALSE,FALSE,1,FALSE
CENSUS_REGION,Census region,Census Region 4: West,2004,131,0.33,0.27,0.38,0.03,0.03,reported,FALSE,0.08718254427574475,0.02806174013085597,0.02883223386981425,1.0690712642945748,1.0405021038417817,0.5951898958700064,NA,FALSE,FALSE,FALSE,1,FALSE
CENSUS_REGION,Census region,Census Region 4: West,2005,120,0.28,0.22,0.33,0.03,0.03,reported,FALSE,0.10343687723509756,0.028061740130855977,0.025560386016907754,1.0690712642945746,1.1736911946539272,0.5951898958700064,NA,FALSE,FALSE,FALSE,1,FALSE
CENSUS_REGION,Census region,Census Region 4: West,2006,133,0.31,0.25,0.36,0.03,0.03,reported,FALSE,0.0930229117637282,0.02806174013085597,0.026880409055247717,1.0690712642945748,1.116054444645561,0.5951898958700064,NA,FALSE,FALSE,FALSE,1,FALSE
CENSUS_REGION,Census region,Census Region 4: West,2007,127,0.29,0.24,0.35,0.03,0.03,reported,FALSE,0.09625029697420892,0.02806174013085597,0.0257333387730673,1.0690712642945748,1.1658028623708252,0.5951898958700064,NA,FALSE,FALSE,FALSE,1,FALSE
CENSUS_REGION,Census region,Census Region 4: West,2008,122,0.27,0.22,0.32,0.03,0.03,reported,FALSE,0.09558682006326262,0.025510672846232704,0.024444651431480006,1.1759783907240322,1.2272623352430287,0.5951898958700064,NA,FALSE,FALSE,FALSE,1,FALSE
CENSUS_REGION,Census region,Census Region 4: West,2009,139,0.31,0.26,0.37,0.03,0.03,reported,FALSE,0.0900071066115889,0.02806174013085597,0.0262938568200791,1.0690712642945748,1.1409509150856383,0.5951898958700064,NA,FALSE,FALSE,FALSE,1,FALSE
CENSUS_REGION,Census region,Census Region 4: West,2010,142,0.31,0.26,0.36,0.03,0.03,reported,FALSE,0.08301744394323525,0.025510672846232697,0.026014622107197363,1.1759783907240324,1.1531976084980307,0.5951898958700064,NA,FALSE,FALSE,FALSE,1,FALSE
CENSUS_REGION,Census region,Census Region 4: West,2011,147,0.29,0.24,0.34,0.02,0.02,reported,FALSE,0.08885538127629254,0.02551067284623271,0.023918796866427353,0.7839855938160213,0.8361624588263545,-1.6155154316471603,NA,FALSE,FALSE,FALSE,1,FALSE
CENSUS_REGION,Census region,Census Region 4: West,2012,131,0.25,0.21,0.3,0.02,0.02,reported,FALSE,0.09099017807269388,0.022959605561609434,0.02184260141652595,0.8710951042400238,0.9156418513807678,-1.6155154316471603,NA,FALSE,FALSE,FALSE,1,FALSE
CENSUS_REGION,Census region,Census Region 4: West,2013,160,0.32,0.27,0.37,0.03,0.03,reported,FALSE,0.08037929500878958,0.025510672846232697,0.025298221281347035,1.1759783907240324,1.1858541225631423,0.5951898958700064,NA,FALSE,FALSE,FALSE,1,FALSE
CENSUS_REGION,Census region,Census Region 4: West,2014,171,0.32,0.27,0.37,0.03,0.03,reported,FALSE,0.08037929500878958,0.025510672846232697,0.02447101161285992,1.1759783907240324,1.2259403278708145,0.5951898958700064,NA,FALSE,FALSE,FALSE,1,FALSE
CENSUS_REGION,Census region,Census Region 4: West,2015,157,0.3,0.25,0.35,0.02,0.02,reported,FALSE,0.08583633150283956,0.025510672846232697,0.023942606534028663,0.7839855938160216,0.8353309390761112,-1.6155154316471603,NA,FALSE,FALSE,FALSE,1,FALSE
CENSUS_REGION,Census region,Census Region 4: West,2016,198,0.35,0.3,0.4,0.03,0.03,reported,FALSE,0.07338963234043602,0.02551067284623271,0.02487341690815455,1.1759783907240318,1.206106909668882,0.5951898958700064,NA,FALSE,FALSE,FALSE,1,FALSE
CENSUS_REGION,Census region,Census Region 4: West,2017,187,0.31,0.27,0.36,0.02,0.02,reported,FALSE,0.07338963234043594,0.022959605561609427,0.022669445147941048,0.8710951042400241,0.8822447955598287,-1.6155154316471603,NA,FALSE,FALSE,FALSE,1,FALSE
CENSUS_REGION,Census region,Census Region 4: West,2018,186,0.32,0.27,0.37,0.02,0.02,reported,FALSE,0.08037929500878958,0.025510672846232697,0.02346353840341653,0.7839855938160216,0.852386356061616,-1.6155154316471603,NA,FALSE,FALSE,FALSE,1,FALSE
CENSUS_REGION,Census region,Census Region 4: West,2019,192,0.33,0.28,0.38,0.02,0.02,reported,FALSE,0.07790491354943084,0.025510672846232697,0.023815698604072066,0.7839855938160216,0.8397822097303647,-1.6155154316471603,NA,FALSE,FALSE,FALSE,1,FALSE
CENSUS_REGION,Census region,Census Region 4: West,2020,257,0.42,0.36,0.47,0.03,0.03,reported,FALSE,0.06801876599699831,0.02806174013085597,0.02619888018517582,1.0690712642945748,1.1450871101343856,0.5951898958700064,NA,FALSE,FALSE,FALSE,1,FALSE
CENSUS_REGION,Census region,Census Region 4: West,2021,294,0.5,0.44,0.56,0.03,0.03,reported,FALSE,0.061522063343802176,0.030612807415479257,0.029160592175990215,0.9799819922700264,1.0287856919689349,0.5951898958700064,NA,FALSE,FALSE,FALSE,1,FALSE
CENSUS_REGION,Census region,Census Region 4: West,2022,285,0.46,0.4,0.51,0.03,0.03,reported,FALSE,0.0619772048177206,0.02806174013085597,0.027248048376918247,1.0690712642945748,1.1009962836609217,0.5951898958700064,NA,FALSE,FALSE,FALSE,1,FALSE
CENSUS_REGION,Census region,Census Region 4: West,2023,288,0.47,0.42,0.53,0.03,0.03,reported,FALSE,0.05934351271340917,0.028061740130855984,0.027695015596473114,1.0690712642945743,1.0832274094772643,0.5951898958700064,NA,FALSE,FALSE,FALSE,1,FALSE
CENSUS_REGION,Census region,Census Region 4: West,2024,249,0.37,0.33,0.42,0.02,0.02,reported,FALSE,0.06152206334380215,0.022959605561609427,0.023447797269405685,0.8710951042400241,0.852958585841054,-1.6155154316471603,NA,FALSE,FALSE,FALSE,1,FALSE
URBANIZATION,Urbanization,Metro,1999,440,0.28,0.26,0.31,0.01,0.01,reported,FALSE,0.0448708924886037,0.012755336423116348,0.013348476249438294,0.7839855938160216,0.7491491772643939,NA,NA,FALSE,FALSE,FALSE,1,FALSE
URBANIZATION,Urbanization,Metro,2000,451,0.31,0.28,0.33,0.01,0.01,reported,FALSE,0.04191481389129539,0.012755336423116348,0.014597329889788345,0.7839855938160216,0.6850567929546871,NA,NA,FALSE,FALSE,FALSE,1,FALSE
URBANIZATION,Urbanization,Metro,2001,449,0.29,0.26,0.32,0.01,0.01,reported,FALSE,0.05297019904857367,0.015306403707739622,0.01368594616730725,0.6533213281800179,0.7306765551867963,NA,NA,FALSE,FALSE,FALSE,1,FALSE
URBANIZATION,Urbanization,Metro,2002,487,0.31,0.28,0.34,0.01,0.01,reported,FALSE,0.049530505655317,0.015306403707739622,0.014047440887312758,0.6533213281800179,0.7118734351843197,NA,NA,FALSE,FALSE,FALSE,1,FALSE
URBANIZATION,Urbanization,Metro,2003,501,0.32,0.29,0.35,0.01,0.01,reported,FALSE,0.047973389558755075,0.015306403707739622,0.01429654565148065,0.6533213281800179,0.699469665174981,NA,NA,FALSE,FALSE,FALSE,1,FALSE
URBANIZATION,Urbanization,Metro,2004,460,0.27,0.24,0.29,0.01,0.01,reported,FALSE,0.04827690741545385,0.012755336423116348,0.012588814911244237,0.7839855938160216,0.7943559477602673,NA,NA,FALSE,FALSE,FALSE,1,FALSE
URBANIZATION,Urbanization,Metro,2005,487,0.28,0.26,0.31,0.01,0.01,reported,FALSE,0.0448708924886037,0.012755336423116348,0.012688011124024427,0.7839855938160216,0.7881455889540682,NA,NA,FALSE,FALSE,FALSE,1,FALSE
URBANIZATION,Urbanization,Metro,2006,495,0.3,0.27,0.32,0.01,0.01,reported,FALSE,0.04334238744577436,0.012755336423116348,0.01348399724926484,0.7839855938160216,0.7416198487095663,NA,NA,FALSE,FALSE,FALSE,1,FALSE
URBANIZATION,Urbanization,Metro,2007,462,0.27,0.24,0.29,0.01,0.01,reported,FALSE,0.04827690741545385,0.012755336423116348,0.012561536840379358,0.7839855938160216,0.7960809355631361,NA,NA,FALSE,FALSE,FALSE,1,FALSE
URBANIZATION,Urbanization,Metro,2008,454,0.27,0.24,0.29,0.01,0.01,reported,FALSE,0.04827690741545385,0.012755336423116348,0.012671727870526167,0.7839855938160216,0.7891583612097227,NA,NA,FALSE,FALSE,FALSE,1,FALSE
URBANIZATION,Urbanization,Metro,2009,469,0.28,0.25,0.3,0.01,0.01,reported,FALSE,0.046511455881864075,0.012755336423116348,0.012929198703109086,0.7839855938160216,0.7734431367038469,NA,NA,FALSE,FALSE,FALSE,1,FALSE
URBANIZATION,Urbanization,Metro,2010,512,0.28,0.26,0.3,0.01,0.01,reported,FALSE,0.03650598806137111,0.010204269138493077,0.012374368670764581,0.9799819922700272,0.8081220356417687,NA,NA,FALSE,FALSE,FALSE,1,FALSE
URBANIZATION,Urbanization,Metro,2011,516,0.28,0.26,0.31,0.01,0.01,reported,FALSE,0.0448708924886037,0.012755336423116348,0.012326312688558735,0.7839855938160216,0.8112726208286104,NA,NA,FALSE,FALSE,FALSE,1,FALSE
URBANIZATION,Urbanization,Metro,2012,495,0.26,0.24,0.29,0.01,0.01,reported,FALSE,0.04827690741545385,0.012755336423116348,0.011686130949362864,0.7839855938160216,0.8557152100494995,NA,NA,FALSE,FALSE,FALSE,1,FALSE
URBANIZATION,Urbanization,Metro,2013,558,0.29,0.26,0.31,0.01,0.01,reported,FALSE,0.0448708924886037,0.012755336423116348,0.012276678943351748,0.7839855938160216,0.8145525386908771,NA,NA,FALSE,FALSE,FALSE,1,FALSE
URBANIZATION,Urbanization,Metro,2014,575,0.28,0.25,0.3,0.01,0.01,reported,FALSE,0.046511455881864075,0.012755336423116348,0.011676807187196188,0.7839855938160216,0.8563984863058427,NA,NA,FALSE,FALSE,FALSE,1,FALSE
URBANIZATION,Urbanization,Metro,2015,531,0.25,0.23,0.27,0.01,0.01,reported,FALSE,0.040904488893658726,0.010204269138493084,0.010849075915068654,0.9799819922700266,0.9217374897442331,NA,NA,FALSE,FALSE,FALSE,1,FALSE
URBANIZATION,Urbanization,Metro,2016,627,0.3,0.28,0.33,0.01,0.01,reported,FALSE,0.04191481389129539,0.012755336423116348,0.011980845957463074,0.7839855938160216,0.8346656017032611,NA,NA,FALSE,FALSE,FALSE,1,FALSE
URBANIZATION,Urbanization,Metro,2017,642,0.29,0.27,0.32,0.01,0.01,reported,FALSE,0.04334238744577436,0.012755336423116348,0.011445387050475946,0.7839855938160216,0.8737144454703399,NA,NA,FALSE,FALSE,FALSE,1,FALSE
URBANIZATION,Urbanization,Metro,2018,640,0.29,0.27,0.31,0.01,0.01,reported,FALSE,0.03524308088580439,0.010204269138493077,0.011463256518110374,0.9799819922700272,0.8723524579774841,NA,NA,FALSE,FALSE,FALSE,1,FALSE
URBANIZATION,Urbanization,Metro,2019,672,0.29,0.27,0.31,0.01,0.01,reported,FALSE,0.03524308088580439,0.010204269138493077,0.011186992872251663,0.9799819922700272,0.8938952687459119,NA,NA,FALSE,FALSE,FALSE,1,FALSE
URBANIZATION,Urbanization,Metro,2020,865,0.37,0.34,0.39,0.01,0.01,reported,FALSE,0.03500092925066731,0.012755336423116348,0.012580377416983849,0.7839855938160216,0.7948887118839321,NA,NA,FALSE,FALSE,FALSE,1,FALSE
URBANIZATION,Urbanization,Non Metro,1999,111,0.32,0.26,0.39,0.03,0.03,reported,FALSE,0.10343687723509754,0.033163874700102514,0.03037305586407997,0.9045987620954093,0.9877175393299441,NA,NA,FALSE,FALSE,FALSE,1,FALSE
URBANIZATION,Urbanization,Non Metro,2000,98,0.3,0.25,0.37,0.03,0.03,reported,FALSE,0.10001257443208185,0.030612807415479244,0.03030457633656632,0.9799819922700268,0.9899494936611666,NA,NA,FALSE,FALSE,FALSE,1,FALSE
URBANIZATION,Urbanization,Non Metro,2001,99,0.28,0.23,0.35,0.03,0.03,reported,FALSE,0.10710754097320602,0.030612807415479237,0.028141058827257943,0.979981992270027,1.0660579683285212,NA,NA,FALSE,FALSE,FALSE,1,FALSE
URBANIZATION,Urbanization,Non Metro,2002,108,0.31,0.25,0.37,0.03,0.03,reported,FALSE,0.10001257443208185,0.030612807415479244,0.029829763908130663,0.9799819922700268,1.0057069205238642,NA,NA,FALSE,FALSE,FALSE,1,FALSE
URBANIZATION,Urbanization,Non Metro,2003,123,0.37,0.3,0.43,0.03,0.03,reported,FALSE,0.09183911971624552,0.033163874700102514,0.03336177648269499,0.9045987620954093,0.8992326897088717,NA,NA,FALSE,FALSE,FALSE,1,FALSE
URBANIZATION,Urbanization,Non Metro,2004,94,0.25,0.2,0.31,0.03,0.03,reported,FALSE,0.1118017816623301,0.02806174013085597,0.025785531156469834,1.0690712642945748,1.163443165779919,NA,NA,FALSE,FALSE,FALSE,1,FALSE
URBANIZATION,Urbanization,Non Metro,2005,107,0.3,0.24,0.36,0.03,0.03,reported,FALSE,0.10343687723509756,0.030612807415479244,0.029002094671369903,0.9799819922700268,1.0344080432788603,NA,NA,FALSE,FALSE,FALSE,1,FALSE
URBANIZATION,Urbanization,Non Metro,2006,118,0.32,0.26,0.38,0.03,0.03,reported,FALSE,0.09681035587854406,0.030612807415479244,0.02945838777274635,0.9799819922700268,1.01838567105002,NA,NA,FALSE,FALSE,FALSE,1,FALSE
URBANIZATION,Urbanization,Non Metro,2007,106,0.3,0.24,0.36,0.03,0.03,reported,FALSE,0.10343687723509756,0.030612807415479244,0.02913857587071792,0.9799819922700268,1.0295630140987002,NA,NA,FALSE,FALSE,FALSE,1,FALSE
URBANIZATION,Urbanization,Non Metro,2008,111,0.33,0.26,0.4,0.03,0.03,reported,FALSE,0.10989562040180713,0.03571494198472579,0.03132221385983247,0.8399845648028801,0.9577867048047943,NA,NA,FALSE,FALSE,FALSE,1,FALSE
URBANIZATION,Urbanization,Non Metro,2009,112,0.28,0.23,0.34,0.03,0.03,reported,FALSE,0.09971262527528964,0.028061740130855977,0.026457513110645908,1.0690712642945746,1.1338934190276815,NA,NA,FALSE,FALSE,FALSE,1,FALSE
URBANIZATION,Urbanization,Non Metro,2010,106,0.27,0.22,0.33,0.03,0.03,reported,FALSE,0.10343687723509756,0.028061740130855977,0.026224718283646132,1.0690712642945746,1.1439589045541112,NA,NA,FALSE,FALSE,FALSE,1,FALSE
URBANIZATION,Urbanization,Non Metro,2011,128,0.35,0.29,0.42,0.03,0.03,reported,FALSE,0.09448484544061923,0.033163874700102514,0.03093592167691145,0.9045987620954093,0.9697464427701225,NA,NA,FALSE,FALSE,FALSE,1,FALSE
URBANIZATION,Urbanization,Non Metro,2012,108,0.27,0.22,0.32,0.03,0.03,reported,FALSE,0.09558682006326262,0.025510672846232704,0.02598076211353316,1.1759783907240322,1.1547005383792515,NA,NA,FALSE,FALSE,FALSE,1,FALSE
URBANIZATION,Urbanization,Non Metro,2013,117,0.32,0.26,0.38,0.03,0.03,reported,FALSE,0.09681035587854406,0.030612807415479244,0.02958401046534555,0.9799819922700268,1.014061296224247,NA,NA,FALSE,FALSE,FALSE,1,FALSE
URBANIZATION,Urbanization,Non Metro,2014,130,0.33,0.27,0.39,0.03,0.03,reported,FALSE,0.09380906563229822,0.030612807415479244,0.028942914637131965,0.9799819922700268,1.036523113726489,NA,NA,FALSE,FALSE,FALSE,1,FALSE
URBANIZATION,Urbanization,Non Metro,2015,114,0.27,0.22,0.32,0.03,0.03,reported,FALSE,0.09558682006326262,0.025510672846232704,0.02528781691270574,1.1759783907240322,1.1863420280034789,NA,NA,FALSE,FALSE,FALSE,1,FALSE
URBANIZATION,Urbanization,Non Metro,2016,118,0.3,0.24,0.36,0.03,0.03,reported,FALSE,0.10343687723509756,0.030612807415479244,0.027617238536949702,0.9799819922700268,1.0862780491200215,NA,NA,FALSE,FALSE,FALSE,1,FALSE
URBANIZATION,Urbanization,Non Metro,2017,142,0.35,0.29,0.41,0.03,0.03,reported,FALSE,0.0883373978933329,0.030612807415479244,0.02937134754038412,0.9799819922700268,1.0214035960982557,NA,NA,FALSE,FALSE,FALSE,1,FALSE
URBANIZATION,Urbanization,Non Metro,2018,135,0.34,0.28,0.4,0.03,0.03,reported,FALSE,0.09099017807269391,0.030612807415479244,0.029262540838011598,0.9799819922700268,1.0252014739960809,NA,NA,FALSE,FALSE,FALSE,1,FALSE
URBANIZATION,Urbanization,Non Metro,2019,157,0.37,0.31,0.43,0.03,0.03,reported,FALSE,0.08347421528901294,0.030612807415479244,0.029529214725302018,0.9799819922700268,1.0159430340114866,NA,NA,FALSE,FALSE,FALSE,1,FALSE
URBANIZATION,Urbanization,Non Metro,2020,209,0.47,0.4,0.53,0.03,0.03,reported,FALSE,0.0717902118758128,0.033163874700102514,0.032510579801705505,0.9045987620954093,0.9227765294553805,NA,NA,FALSE,FALSE,FALSE,1,FALSE
